municipio,SAFRA,REGIAO,Solo,Altitude (m),Tmax (°C),Tmin (°C),Tmed (°C),UR (%),U2 (m/s),RS (MJ/m²d),Chuva (mm),NDVI,AREA TOTAL,PRODUCAO,YIELD_SC_HA
Bandeirantes,00/01,Norte,Nitossolo Vermelho eutrófico,420.0,29.880471698113208,19.509952830188677,24.492264150943395,75.2286320754717,2.1720754716981134,20.746556603773588,1041.37,0.5910834905660377,7500.0,19500.0,43.33
Bandeirantes,01/02,Norte,Nitossolo Vermelho eutrófico,420.0,30.07674528301887,18.870896226415095,24.238490566037736,73.13566037735849,2.350566037735849,21.33448113207547,994.95,0.5996129716981132,9000.0,17100.0,31.67
Bandeirantes,02/03,Norte,Nitossolo Vermelho eutrófico,420.0,30.046179245283017,19.585990566037733,24.58853773584906,75.1152358490566,2.2524056603773586,20.241650943396223,1104.1,0.5130772798742138,9900.0,25740.0,43.33
Bandeirantes,03/04,Norte,Nitossolo Vermelho eutrófico,420.0,30.60676056338028,18.299483568075118,24.152629107981223,70.18356807511738,2.5887323943661973,21.57525821596244,799.16,0.585323082942097,12000.0,31200.0,43.33
Bandeirantes,04/05,Norte,Nitossolo Vermelho eutrófico,420.0,30.374764150943395,18.7613679245283,24.352311320754715,71.7922641509434,2.4306603773584903,20.59985849056604,993.26,0.5196599056603773,15500.0,29450.0,31.67
Bandeirantes,05/06,Norte,Nitossolo Vermelho eutrófico,420.0,29.60301886792453,19.090188679245284,24.073632075471696,76.04028301886792,2.423679245283019,19.969858490566036,1014.28,0.564530856918239,16300.0,36349.0,37.17
Bandeirantes,06/07,Norte,Nitossolo Vermelho eutrófico,420.0,29.719764150943398,19.45679245283019,24.407971698113208,75.30051886792452,2.335896226415094,20.34617924528302,1172.85,0.5284897405660377,14350.0,39462.5,45.83
Bandeirantes,07/08,Norte,Nitossolo Vermelho eutrófico,420.0,30.97356807511737,19.159530516431925,24.753145539906104,70.21234741784038,2.552535211267606,20.55924882629108,859.85,0.5941483959311424,13400.0,38190.0,47.5
Bandeirantes,08/09,Norte,Nitossolo Vermelho eutrófico,420.0,29.893301886792454,18.676698113207546,24.037216981132076,73.23056603773584,2.411179245283019,20.770707547169813,959.5600000000001,0.6222380896226416,13550.0,26829.0,33.0
Bandeirantes,09/10,Norte,Nitossolo Vermelho eutrófico,420.0,28.418066037735848,19.885518867924524,24.014150943396228,83.29132075471698,2.2662264150943394,18.95674528301887,1484.3,0.6318123034591195,13700.0,40826.0,49.67
Bandeirantes,10/11,Norte,Nitossolo Vermelho eutrófico,420.0,29.532028301886793,18.93292452830189,23.957358490566037,74.93122641509434,2.389103773584906,19.82792452830189,977.08,0.5901764544025158,14140.0,49207.2,58.0
Bandeirantes,11/12,Norte,Nitossolo Vermelho eutrófico,420.0,31.572957746478874,18.53164319248826,24.76070422535211,66.09018779342722,2.4807042253521128,22.332910798122064,742.49,0.5537732785602504,14500.0,32349.5,37.18
Bandeirantes,12/13,Norte,Nitossolo Vermelho eutrófico,420.0,31.184150943396226,19.569433962264153,25.085283018867923,70.62014150943396,2.4985849056603775,20.37264150943396,835.59,0.5832165094339623,15500.0,50220.0,54.0
Bandeirantes,13/14,Norte,Nitossolo Vermelho eutrófico,420.0,30.677169811320756,19.184575471698114,24.678396226415092,70.91882075471699,2.46127358490566,20.927971698113204,920.53,0.5948975628930818,16190.0,23637.4,24.33
Bandeirantes,14/15,Norte,Nitossolo Vermelho eutrófico,420.0,30.176603773584905,19.624481132075474,24.647735849056602,74.17316037735849,2.2769339622641507,20.82268867924528,1004.05,0.5278598663522013,17480.0,46147.2,44.0
Bandeirantes,15/16,Norte,Nitossolo Vermelho eutrófico,420.0,28.828262910798124,20.126150234741782,24.29737089201878,82.17112676056338,2.1786854460093896,18.60924882629108,1717.77,0.6418773865414711,18160.0,50121.6,46.0
Bandeirantes,16/17,Norte,Nitossolo Vermelho eutrófico,420.0,29.094622641509435,18.90325471698113,23.767311320754718,76.90382075471699,2.2700943396226414,21.08254716981132,901.29,0.6167745283018868,18200.0,63336.0,58.0
Bandeirantes,17/18,Norte,Nitossolo Vermelho eutrófico,420.0,29.790377358490566,19.37801886792453,24.31084905660377,76.33443396226414,2.369858490566038,20.064056603773583,1204.07,0.6045555817610063,18240.0,56908.8,52.0
Bandeirantes,18/19,Norte,Nitossolo Vermelho eutrófico,420.0,29.928632075471697,19.795235849056603,24.705047169811323,76.08264150943397,2.227311320754717,20.763584905660377,1018.76,0.6020564465408805,18250.0,49275.0,45.0
Bandeirantes,19/20,Norte,Nitossolo Vermelho eutrófico,420.0,32.26131455399061,19.810704225352115,25.73830985915493,67.6443661971831,2.48981220657277,21.045211267605634,832.95,0.5157978873239436,18250.0,60225.0,55.0
Bandeirantes,20/21,Norte,Nitossolo Vermelho eutrófico,420.0,32.27849056603774,19.837924528301887,25.75702830188679,67.04424528301887,2.24872641509434,21.289669811320753,698.39,0.5313320754716981,18320.0,62654.4,57.0
Bandeirantes,21/22,Norte,Nitossolo Vermelho eutrófico,420.0,32.03240566037736,19.555613207547168,25.50306603773585,67.17768867924528,2.352075471698113,21.243066037735847,858.02,0.5722990566037736,18250.0,52560.0,48.0
Bandeirantes,22/23,Norte,Nitossolo Vermelho eutrófico,420.0,28.81117924528302,18.562075471698112,23.43872641509434,76.66915094339623,2.366981132075472,19.528160377358493,1072.41,0.5787314072327044,18800.0,66552.0,59.0
Bandeirantes,23/24,Norte,Nitossolo Vermelho eutrófico,420.0,34.32868544600939,21.322394366197184,27.490845070422537,63.473474178403755,2.374507042253521,20.766525821596247,668.04,0.5562124804381847,18400.0,34224.0,31.0
Bandeirantes,99/00,Norte,Nitossolo Vermelho eutrófico,420.0,28.2605,19.704833333333333,23.817333333333334,82.5925,2.26,19.162166666666668,390.17,0.7202525000000001,7500.0,13013.0,28.92
Campina do Simão,00/01,Sul,Latossolo Bruno distrófico,994.0,24.601650943396226,15.989811320754718,20.021415094339623,85.81580188679246,0.21117924528301887,18.85547169811321,1553.8,0.7750985849056603,3400.0,9860.0,48.33
Campina do Simão,01/02,Sul,Latossolo Bruno distrófico,994.0,24.39382075471698,15.291132075471698,19.572216981132076,83.92603773584905,0.2164622641509434,20.047830188679246,1113.81,0.8168908018867924,4300.0,10965.0,42.5
Campina do Simão,02/03,Sul,Latossolo Bruno distrófico,994.0,24.785613207547172,15.993584905660377,20.07632075471698,85.49622641509434,0.2119811320754717,18.70759433962264,1442.6299999999999,0.8136360455974843,4900.0,13720.0,46.67
Campina do Simão,03/04,Sul,Latossolo Bruno distrófico,994.0,25.245727699530516,14.66018779342723,19.65112676056338,77.78098591549295,0.2164319248826291,20.959248826291077,1076.22,0.7820721048513302,5600.0,14560.0,43.33
Campina do Simão,04/05,Sul,Latossolo Bruno distrófico,994.0,25.666462264150944,15.474481132075473,20.315235849056602,78.79476415094341,0.2215566037735849,20.03377358490566,943.79,0.7733718160377359,6100.0,12200.0,33.33
Campina do Simão,05/06,Sul,Latossolo Bruno distrófico,994.0,25.117783018867925,15.61061320754717,20.099245283018867,81.72287735849056,0.2065566037735849,19.231792452830188,1155.7,0.7925842374213837,5900.0,14750.0,41.67
Campina do Simão,06/07,Sul,Latossolo Bruno distrófico,994.0,26.138160377358492,16.275943396226417,20.864056603773587,78.74608490566037,0.2259433962264151,19.43617924528302,1080.73,0.7990428852201259,6400.0,17600.0,45.83
Campina do Simão,07/08,Sul,Latossolo Bruno distrófico,994.0,26.560328638497655,15.829671361502346,20.834835680751173,75.11478873239437,0.21230046948356807,19.815399061032867,896.63,0.7979735915492958,5800.0,15370.0,44.17
Campina do Simão,08/09,Sul,Latossolo Bruno distrófico,994.0,25.100801886792453,15.295471698113207,19.895613207547168,79.39537735849056,0.21410377358490568,19.765990566037736,902.2,0.8163168632075473,5950.0,14875.0,41.67
Campina do Simão,09/10,Sul,Latossolo Bruno distrófico,994.0,24.79047169811321,16.950943396226414,20.61995283018868,87.38551886792453,0.2069811320754717,17.933537735849058,1558.31,0.8214428459119497,6620.0,18535.0,46.66
Campina do Simão,10/11,Sul,Latossolo Bruno distrófico,994.0,24.45117924528302,15.643254716981131,19.75551886792453,83.73801886792452,0.2079245283018868,18.50551886792453,1132.68,0.8419742924528302,6810.0,21440.0,52.47
Campina do Simão,11/12,Sul,Latossolo Bruno distrófico,994.0,26.230422535211268,14.927089201877934,20.209671361502348,74.36704225352113,0.197981220657277,21.14680751173709,670.27,0.8369751564945227,6100.0,15860.0,43.33
Campina do Simão,12/13,Sul,Latossolo Bruno distrófico,994.0,26.598349056603777,16.22367924528302,21.023537735849054,76.36834905660378,0.21665094339622643,19.0511320754717,1061.75,0.8323206367924528,6300.0,19215.0,50.83
Campina do Simão,13/14,Sul,Latossolo Bruno distrófico,994.0,25.70570754716981,15.682028301886794,20.400377358490566,78.44811320754717,0.21575471698113208,20.11117924528302,817.62,0.8270633254716981,7900.0,24885.0,52.5
Campina do Simão,14/15,Sul,Latossolo Bruno distrófico,994.0,25.70566037735849,16.60259433962264,20.798584905660377,81.05240566037736,0.21018867924528303,19.48702830188679,874.44,0.7842634827044025,8400.0,26040.0,51.67
Campina do Simão,15/16,Sul,Latossolo Bruno distrófico,994.0,25.1343661971831,17.10150234741784,20.83718309859155,86.21859154929578,0.20704225352112676,17.28680751173709,1303.1,0.7367608763693271,8600.0,27950.0,54.17
Campina do Simão,16/17,Sul,Latossolo Bruno distrófico,994.0,24.630849056603772,15.566603773584905,19.809622641509435,83.43646226415093,0.21245283018867925,19.997028301886793,1022.33,0.8151795990566038,9700.0,36666.0,63.0
Campina do Simão,17/18,Sul,Latossolo Bruno distrófico,994.0,25.227311320754715,16.16188679245283,20.46174528301887,82.26014150943396,0.21372641509433962,18.89438679245283,1426.28,0.7482209512578616,10100.0,34643.0,57.17
Campina do Simão,18/19,Sul,Latossolo Bruno distrófico,994.0,25.966839622641512,16.658254716981133,20.999858490566037,81.22462264150943,0.21485849056603773,19.05377358490566,1131.6,0.7993310927672956,10550.0,35448.0,56.0
Campina do Simão,19/20,Sul,Latossolo Bruno distrófico,994.0,27.654929577464788,16.404272300469483,21.71807511737089,72.71244131455398,0.2091549295774648,20.21394366197183,838.53,0.7820888106416275,10820.0,42065.0,64.8
Campina do Simão,20/21,Sul,Latossolo Bruno distrófico,994.0,27.32,16.379716981132077,21.42490566037736,74.4766037735849,0.23084905660377358,19.774716981132073,767.97,0.8068147405660377,10920.0,38115.0,58.17
Campina do Simão,21/22,Sul,Latossolo Bruno distrófico,994.0,27.730330188679243,16.484622641509432,21.759764150943393,72.10716981132074,0.21726415094339624,20.16419811320755,880.75,0.8359658411949686,11280.0,37928.0,56.04
Campina do Simão,22/23,Sul,Latossolo Bruno distrófico,994.0,24.18943396226415,15.288301886792452,19.454198113207546,83.17150943396227,0.2104245283018868,18.91556603773585,1128.77,0.8200674135220126,11720.0,47912.0,68.13
Campina do Simão,23/24,Sul,Latossolo Bruno distrófico,994.0,26.660281690140845,17.439765258215964,21.76680751173709,81.4380751173709,0.21455399061032865,18.632488262910798,1237.08,0.7975473004694836,12160.0,47328.0,64.87
Campina do Simão,99/00,Sul,Latossolo Bruno distrófico,994.0,25.547833333333333,16.697166666666668,20.790333333333333,83.31033333333333,0.20400000000000001,18.837833333333332,298.11,0.8067508333333333,3300.0,7755.0,39.17
Cruzeiro do Sul,00/01,Noroeste,Latossolo Vermelho distrófico,456.0,30.401462264150943,19.544716981132073,24.502547169811322,75.77146226415094,1.213679245283019,20.99127358490566,1091.65,0.6139596698113208,600.0,2100.0,58.33
Cruzeiro do Sul,01/02,Noroeste,Latossolo Vermelho distrófico,456.0,30.917311320754717,19.142783018867924,24.5311320754717,72.30768867924527,1.340566037735849,21.844764150943398,947.87,0.6207669811320754,1600.0,5552.0,57.83
Cruzeiro do Sul,02/03,Noroeste,Latossolo Vermelho distrófico,456.0,30.908301886792454,19.784103773584903,24.80377358490566,74.8667924528302,1.288679245283019,20.766603773584908,1145.99,0.6665042059748427,2122.0,7363.34,57.83
Cruzeiro do Sul,03/04,Noroeste,Latossolo Vermelho distrófico,456.0,31.614647887323944,18.617981220657278,24.547981220657277,68.68384976525822,1.4183098591549297,22.368826291079813,747.92,0.6949015258215963,2240.0,3360.0,25.0
Cruzeiro do Sul,04/05,Noroeste,Latossolo Vermelho distrófico,456.0,30.96608490566038,18.98235849056604,24.465849056603776,72.01334905660377,1.3521226415094338,21.476933962264148,1009.82,0.6853152122641509,2200.0,6380.0,48.33
Cruzeiro do Sul,05/06,Noroeste,Latossolo Vermelho distrófico,456.0,30.183443396226416,19.254481132075473,24.243066037735847,75.73103773584906,1.3307075471698113,20.58009433962264,1104.81,0.5849921383647798,2132.0,4264.0,33.33
Cruzeiro do Sul,06/07,Noroeste,Latossolo Vermelho distrófico,456.0,30.364622641509435,19.78198113207547,24.596037735849055,75.88740566037735,1.287688679245283,20.702594339622642,1180.22,0.6248179245283019,2000.0,6000.0,50.0
Cruzeiro do Sul,07/08,Noroeste,Latossolo Vermelho distrófico,456.0,31.293286384976525,19.373849765258218,24.805023474178405,70.52807511737089,1.4188262910798122,21.194600938967135,892.57,0.5641670187793427,1920.0,4224.0,36.67
Cruzeiro do Sul,08/09,Noroeste,Latossolo Vermelho distrófico,456.0,30.678254716981133,18.916886792452832,24.27985849056604,72.51287735849057,1.3546698113207547,21.604716981132075,928.17,0.5343489386792453,1920.0,4128.0,35.83
Cruzeiro do Sul,09/10,Noroeste,Latossolo Vermelho distrófico,456.0,29.183443396226416,20.05075471698113,24.22056603773585,83.12797169811321,1.292877358490566,20.140518867924527,1705.32,0.6217212657232704,1843.0,5919.72,53.53
Cruzeiro do Sul,10/11,Noroeste,Latossolo Vermelho distrófico,456.0,29.662311320754718,19.058349056603774,23.947311320754718,75.66985849056604,1.3343396226415094,20.130990566037738,1302.29,0.497840998427673,1939.0,6398.7,55.0
Cruzeiro do Sul,11/12,Noroeste,Latossolo Vermelho distrófico,456.0,31.885352112676056,18.60638497652582,24.71943661971831,66.95774647887323,1.3974647887323945,23.19530516431925,768.74,0.5370619327073552,1939.0,2924.0,25.13
Cruzeiro do Sul,12/13,Noroeste,Latossolo Vermelho distrófico,456.0,31.54830188679245,19.76377358490566,25.13259433962264,71.1895283018868,1.3670283018867924,21.386179245283017,963.36,0.5362020047169811,2100.0,7854.0,62.33
Cruzeiro do Sul,13/14,Noroeste,Latossolo Vermelho distrófico,456.0,30.86240566037736,19.244575471698113,24.577594339622642,72.11231132075471,1.4075,21.775188679245282,1009.11,0.41939241352201256,2200.0,5297.6,40.13
Cruzeiro do Sul,14/15,Noroeste,Latossolo Vermelho distrófico,456.0,30.837169811320752,19.94377358490566,24.82311320754717,74.68891509433962,1.3085377358490566,21.55061320754717,1021.52,0.5393625786163522,2400.0,8040.0,55.83
Cruzeiro do Sul,15/16,Noroeste,Latossolo Vermelho distrófico,456.0,29.712816901408452,20.342723004694836,24.547793427230047,81.72042253521127,1.2518779342723003,19.24112676056338,1723.37,0.628022848200313,1950.0,5362.5,45.83
Cruzeiro do Sul,16/17,Noroeste,Latossolo Vermelho distrófico,456.0,30.002028301886792,19.08372641509434,24.01816037735849,75.8079245283019,1.2843396226415094,21.5388679245283,870.94,0.5305185141509434,2000.0,7000.0,58.33
Cruzeiro do Sul,17/18,Noroeste,Latossolo Vermelho distrófico,456.0,30.30858490566038,19.592499999999998,24.397924528301886,76.69377358490566,1.3292924528301886,20.791933962264153,1300.57,0.5122716981132075,2500.0,7750.0,51.67
Cruzeiro do Sul,18/19,Noroeste,Latossolo Vermelho distrófico,456.0,30.73235849056604,20.01816037735849,24.901084905660376,76.13716981132076,1.2558962264150944,21.202075471698112,1042.11,0.44194768081761004,3700.0,6419.5,28.92
Cruzeiro do Sul,19/20,Noroeste,Latossolo Vermelho distrófico,456.0,32.75431924882629,20.08004694835681,25.875023474178406,68.14671361502347,1.3783098591549294,21.853661971830984,833.09,0.4848298513302034,4300.0,12900.0,50.0
Cruzeiro do Sul,20/21,Noroeste,Latossolo Vermelho distrófico,456.0,32.752169811320755,19.983490566037737,25.8,67.40669811320754,1.2937735849056602,22.02330188679245,675.22,0.3848567216981132,4500.0,13500.0,50.0
Cruzeiro do Sul,21/22,Noroeste,Latossolo Vermelho distrófico,456.0,32.63891509433962,19.78735849056604,25.714150943396223,67.11235849056604,1.3268396226415096,22.045801886792454,852.3,0.4932787342767296,4244.0,8415.85,33.05
Cruzeiro do Sul,22/23,Noroeste,Latossolo Vermelho distrófico,456.0,29.470424528301884,18.76556603773585,23.645141509433966,76.7386320754717,1.3174056603773585,20.345235849056603,1080.39,0.5466770833333333,5404.0,19454.4,60.0
Cruzeiro do Sul,23/24,Noroeste,Latossolo Vermelho distrófico,456.0,34.383004694835684,21.43615023474178,27.3418779342723,65.6143661971831,1.3317840375586856,21.30004694835681,721.65,0.5678497261345853,5938.0,13983.99,39.25
Cruzeiro do Sul,99/00,Noroeste,Latossolo Vermelho distrófico,456.0,29.505499999999998,20.033166666666666,24.232833333333335,81.29183333333334,1.1706666666666665,19.21333333333333,352.15000000000003,0.7315141666666667,550.0,1320.0,40.0
Diamante do Norte,03/04,Noroeste,Latossolo Vermelho distrófico,352.0,32.64370892018779,19.84643192488263,25.800140845070423,68.82924882629108,1.2938028169014084,22.368826291079813,729.31,0.5605198748043818,290.0,189.0,10.86
Diamante do Norte,04/05,Noroeste,Latossolo Vermelho distrófico,352.0,31.45740566037736,19.89981132075472,25.26377358490566,74.20221698113208,1.2110377358490567,21.476933962264148,946.53,0.5581893867924529,270.0,48.6,3.0
Diamante do Norte,05/06,Noroeste,Latossolo Vermelho distrófico,352.0,31.436084905660376,20.358915094339622,25.46938679245283,75.06146226415095,1.2545754716981132,20.58009433962264,1114.23,0.6038842767295598,270.0,405.0,25.0
Diamante do Norte,12/13,Noroeste,Latossolo Vermelho distrófico,352.0,32.88542452830189,20.953018867924527,26.464433962264152,70.53745283018868,1.2470283018867925,21.386179245283017,906.88,0.6485728773584905,116.0,272.6,39.17
Diamante do Norte,13/14,Noroeste,Latossolo Vermelho distrófico,352.0,32.154622641509434,20.375943396226415,25.82316037735849,71.88778301886792,1.3030188679245283,21.775188679245282,891.15,0.5771694182389937,210.0,328.0,26.03
Diamante do Norte,14/15,Noroeste,Latossolo Vermelho distrófico,352.0,33.44113207547169,21.50070754716981,26.932169811320755,69.61391509433962,1.2511792452830188,21.55061320754717,664.99,0.6450639150943396,350.0,945.0,45.0
Diamante do Norte,15/16,Noroeste,Latossolo Vermelho distrófico,352.0,31.827981220657275,21.53150234741784,26.192535211267607,77.4781220657277,1.2086384976525821,19.24112676056338,1059.16,0.5402131064162754,430.0,1376.0,53.33
Diamante do Norte,16/17,Noroeste,Latossolo Vermelho distrófico,352.0,32.16990566037736,20.356415094339624,25.70679245283019,71.92311320754717,1.2564622641509433,21.5388679245283,707.7,0.4969029481132075,714.0,2284.8,53.33
Diamante do Norte,17/18,Noroeste,Latossolo Vermelho distrófico,352.0,32.09014150943396,20.7986320754717,25.938349056603776,74.11287735849056,1.232075471698113,20.791933962264153,959.13,0.5737818789308176,1524.0,4876.8,53.33
Diamante do Norte,18/19,Noroeste,Latossolo Vermelho distrófico,352.0,32.41778301886792,21.171650943396227,26.384198113207546,73.92867924528302,1.1822641509433962,21.202075471698112,883.53,0.5884318003144654,1887.0,3585.3,31.67
Diamante do Norte,19/20,Noroeste,Latossolo Vermelho distrófico,352.0,34.0749765258216,21.5368544600939,27.3075117370892,66.92544600938967,1.2696244131455399,21.853661971830984,836.59,0.5786133411580595,3783.0,9835.8,43.33
Diamante do Norte,20/21,Noroeste,Latossolo Vermelho distrófico,352.0,34.48768867924529,21.242877358490563,27.274858490566036,65.52693396226415,1.2287735849056605,22.02330188679245,606.13,0.5703327830188679,3400.0,10200.0,50.0
Diamante do Norte,21/22,Noroeste,Latossolo Vermelho distrófico,352.0,34.68787735849057,21.365990566037738,27.54556603773585,63.04183962264151,1.3024056603773586,22.045801886792454,671.56,0.5003093160377359,3400.0,6120.0,30.0
Diamante do Norte,22/23,Noroeste,Latossolo Vermelho distrófico,352.0,31.59014150943396,19.997688679245282,25.289905660377357,73.11985849056603,1.2758490566037737,20.345235849056603,747.15,0.49360055031446537,3400.0,13940.0,68.33
Diamante do Norte,23/24,Noroeste,Latossolo Vermelho distrófico,352.0,36.277276995305165,22.95600938967136,29.1324882629108,62.69713615023474,1.3129107981220656,21.30004694835681,591.08,0.6271810250391235,3400.0,6120.0,30.0
Diamante do Norte,99/00,Noroeste,Latossolo Vermelho distrófico,352.0,31.198833333333333,21.4815,25.846833333333333,78.85616666666667,1.1703333333333332,19.21333333333333,308.19,0.6218433333333333,90.0,180.0,33.33
Diamante do Sul,00/01,Sul,Neossolo Litólico eutrófico,620.0,26.29174528301887,17.47198113207547,21.66896226415094,85.07485849056603,0.056132075471698115,19.90207547169811,1512.78,0.7700735849056605,100.0,340.0,56.67
Diamante do Sul,01/02,Sul,Neossolo Litólico eutrófico,620.0,26.35316037735849,16.752924528301886,21.308066037735852,82.67377358490566,0.039905660377358494,21.042735849056605,1096.5,0.7258617924528302,180.0,360.0,33.33
Diamante do Sul,02/03,Sul,Neossolo Litólico eutrófico,620.0,26.425141509433963,17.562783018867925,21.731415094339624,85.1708962264151,0.039481132075471694,19.719669811320752,1392.1299999999999,0.7009276729559748,350.0,1050.0,50.0
Diamante do Sul,03/04,Sul,Neossolo Litólico eutrófico,620.0,27.957840375586855,16.374319248826293,21.84981220657277,73.7849295774648,0.033192488262910796,22.464647887323945,1049.44,0.6414377543035993,500.0,1150.0,38.33
Diamante do Sul,04/05,Sul,Neossolo Litólico eutrófico,620.0,27.720000000000002,17.13009433962264,22.169575471698113,76.99754716981131,0.04471698113207547,21.378490566037733,982.51,0.6752507075471699,800.0,1600.0,33.33
Diamante do Sul,05/06,Sul,Neossolo Litólico eutrófico,620.0,27.26990566037736,17.267452830188677,21.98183962264151,79.3052358490566,0.044056603773584904,20.384339622641512,1118.08,0.7084632075471697,2550.0,7650.0,50.0
Diamante do Sul,06/07,Sul,Neossolo Litólico eutrófico,620.0,28.566273584905662,18.09801886792453,22.975424528301886,75.63448113207548,0.04283018867924528,20.64929245283019,987.0699999999999,0.7197851022012578,800.0,2440.0,50.83
Diamante do Sul,07/08,Sul,Neossolo Litólico eutrófico,620.0,29.29737089201878,17.666760563380283,23.138169014084507,70.28455399061033,0.029859154929577466,21.045680751173705,822.54,0.6844467918622849,980.0,3116.0,52.99
Diamante do Sul,08/09,Sul,Neossolo Litólico eutrófico,620.0,27.693867924528302,17.107499999999998,22.085141509433964,75.3383962264151,0.04084905660377359,21.36943396226415,826.9,0.7011998820754717,1300.0,2390.0,30.64
Diamante do Sul,09/10,Sul,Neossolo Litólico eutrófico,620.0,26.311415094339626,18.421462264150943,22.196650943396225,87.07745283018868,0.036556603773584904,19.34797169811321,1476.31,0.7297183569182389,1910.0,5407.8,47.19
Diamante do Sul,10/11,Sul,Neossolo Litólico eutrófico,620.0,26.661745283018867,17.24382075471698,21.65495283018868,81.04235849056603,0.039198113207547174,19.870849056603774,1235.28,0.6992875000000001,1330.0,4079.5,51.12
Diamante do Sul,11/12,Sul,Neossolo Litólico eutrófico,620.0,29.12098591549296,16.784600938967134,22.62286384976526,68.73488262910799,0.02413145539906103,22.461220657276993,522.85,0.6642798513302034,1100.0,1914.0,29.0
Diamante do Sul,12/13,Sul,Neossolo Litólico eutrófico,620.0,29.351603773584905,18.181415094339624,23.38632075471698,71.5479716981132,0.030613207547169813,20.466745283018867,925.04,0.7145942216981133,1050.0,3255.0,51.67
Diamante do Sul,13/14,Sul,Neossolo Litólico eutrófico,620.0,28.37108490566038,17.50495283018868,22.605188679245284,74.07452830188679,0.02641509433962264,21.122405660377357,746.14,0.6815278301886792,1270.0,3784.6,49.67
Diamante do Sul,14/15,Sul,Neossolo Litólico eutrófico,620.0,28.223160377358493,18.42627358490566,22.960377358490568,77.52816037735849,0.02976415094339623,20.635849056603774,747.19,0.7181783018867925,2000.0,6300.0,52.5
Diamante do Sul,15/16,Sul,Neossolo Litólico eutrófico,620.0,26.831643192488265,18.690516431924884,22.491032863849767,85.41389671361502,0.03394366197183099,18.11868544600939,1342.91,0.7489917840375586,1700.0,4930.0,48.33
Diamante do Sul,16/17,Sul,Neossolo Litólico eutrófico,620.0,26.212452830188678,16.9975,21.42070754716981,82.69250000000001,0.05084905660377358,21.18797169811321,1103.34,0.7337385613207547,1600.0,5760.0,60.0
Diamante do Sul,17/18,Sul,Neossolo Litólico eutrófico,620.0,27.083396226415097,17.729858490566038,22.21235849056604,81.26433962264151,0.044622641509433965,20.03108490566038,1519.22,0.7314634827044025,1700.0,5270.0,51.67
Diamante do Sul,18/19,Sul,Neossolo Litólico eutrófico,620.0,27.44306603773585,18.178443396226413,22.546273584905663,81.63783018867925,0.0494811320754717,20.094245283018864,1221.28,0.7473272012578617,1600.0,4768.0,49.67
Diamante do Sul,19/20,Sul,Neossolo Litólico eutrófico,620.0,29.92737089201878,18.260892018779344,23.719765258215965,70.07107981220658,0.03732394366197183,21.269436619718313,842.01,0.7199190532081378,1900.0,7068.0,62.0
Diamante do Sul,20/21,Sul,Neossolo Litólico eutrófico,620.0,29.034433962264153,18.011933962264152,23.162594339622643,73.66259433962264,0.06311320754716981,20.89297169811321,894.28,0.7072728773584905,2000.0,6200.0,51.67
Diamante do Sul,21/22,Sul,Neossolo Litólico eutrófico,620.0,30.002169811320755,18.227641509433962,23.804198113207548,69.29787735849057,0.04117924528301887,21.66740566037736,909.57,0.7181916273584906,2600.0,3536.0,22.67
Diamante do Sul,22/23,Sul,Neossolo Litólico eutrófico,620.0,25.84424528301887,16.699009433962264,21.07547169811321,82.6127358490566,0.047924528301886794,20.297924528301888,1326.26,0.7511625786163522,2705.0,11048.5,68.07
Diamante do Sul,23/24,Sul,Neossolo Litólico eutrófico,620.0,29.017276995305167,19.138544600938967,23.77413145539906,78.43272300469485,0.0284037558685446,19.689718309859153,1240.4,0.7655339593114242,3005.0,9308.05,51.63
Diamante do Sul,99/00,Sul,Neossolo Litólico eutrófico,620.0,27.250166666666665,18.228166666666667,22.490166666666667,82.99066666666666,0.06283333333333334,20.492833333333333,344.98,0.8414499999999999,96.0,297.6,51.67
Francisco Alves,00/01,Noroeste,Argissolo Vermelho distrófico,323.0,30.00070754716981,19.57556603773585,24.466603773584907,79.1681603773585,0.995754716981132,20.370754716981132,1286.42,0.604916037735849,3910.0,13492.5,57.51
Francisco Alves,01/02,Noroeste,Argissolo Vermelho distrófico,323.0,31.30514150943396,19.20933962264151,24.81575471698113,72.92981132075472,1.0944811320754717,21.54679245283019,897.39,0.6108544811320754,5000.0,16750.0,55.83
Francisco Alves,02/03,Noroeste,Argissolo Vermelho distrófico,323.0,30.97806603773585,19.986509433962265,25.0125,76.99452830188679,1.079245283018868,20.32358490566038,1114.98,0.68413518081761,9000.0,27000.0,50.0
Francisco Alves,03/04,Noroeste,Argissolo Vermelho distrófico,323.0,31.959718309859156,18.81492957746479,24.966854460093895,68.80305164319249,1.1022535211267606,22.64370892018779,934.91,0.4749214006259781,15000.0,30000.0,33.33
Francisco Alves,04/05,Noroeste,Argissolo Vermelho distrófico,323.0,31.59797169811321,19.285707547169814,25.036839622641512,71.7438679245283,1.0798584905660378,21.360660377358492,811.23,0.5426360849056604,16000.0,48000.0,50.0
Francisco Alves,05/06,Noroeste,Argissolo Vermelho distrófico,323.0,30.767122641509435,19.41306603773585,24.665849056603772,75.03891509433963,1.0504245283018867,20.600849056603774,1118.29,0.5899624606918239,15300.0,22860.0,24.9
Francisco Alves,06/07,Noroeste,Argissolo Vermelho distrófico,323.0,30.715660377358493,20.178301886792454,25.066320754716983,76.7036320754717,1.0273584905660378,20.199198113207544,1143.79,0.5110565251572328,14077.0,41077.0,48.63
Francisco Alves,07/08,Noroeste,Argissolo Vermelho distrófico,323.0,32.62765258215962,19.864929577464785,25.778920187793428,67.63192488262911,1.1208450704225352,21.112112676056338,809.0500000000001,0.5433028560250391,13507.0,33757.0,41.65
Francisco Alves,08/09,Noroeste,Argissolo Vermelho distrófico,323.0,31.292169811320754,19.202075471698112,24.807735849056602,71.90679245283019,1.0327830188679246,21.808396226415095,820.64,0.5349259433962265,13890.0,16586.4,19.9
Francisco Alves,09/10,Noroeste,Argissolo Vermelho distrófico,323.0,30.022735849056602,20.542735849056605,24.914528301886794,81.67221698113207,1.0616509433962265,19.61169811320755,1241.89,0.5867770047169811,13820.0,43994.0,53.06
Francisco Alves,10/11,Noroeste,Argissolo Vermelho distrófico,323.0,30.11202830188679,19.26254716981132,24.30382075471698,76.43830188679246,1.0631603773584906,19.934622641509435,1174.83,0.5469606525157232,13730.0,43909.0,53.3
Francisco Alves,11/12,Noroeste,Argissolo Vermelho distrófico,323.0,31.90014084507042,18.725962441314554,24.929906103286385,67.91272300469484,1.1038028169014085,22.70417840375587,748.05,0.4906190532081377,14350.0,19447.0,22.59
Francisco Alves,12/13,Noroeste,Argissolo Vermelho distrófico,323.0,32.72669811320755,20.44495283018868,26.053962264150943,68.68683962264151,1.121745283018868,21.032688679245286,832.36,0.5732080188679245,15485.0,43729.0,47.07
Francisco Alves,13/14,Noroeste,Argissolo Vermelho distrófico,323.0,31.43551886792453,19.569339622641508,25.006415094339623,73.15316037735849,1.1585849056603774,21.506886792452832,881.29,0.5779581761006289,16250.0,38950.0,39.95
Francisco Alves,14/15,Noroeste,Argissolo Vermelho distrófico,323.0,32.04891509433962,20.637216981132077,25.804386792452828,73.33212264150943,1.0852358490566036,20.91198113207547,751.21,0.5921421383647798,16860.0,51690.0,51.1
Francisco Alves,15/16,Noroeste,Argissolo Vermelho distrófico,323.0,30.172394366197185,20.6081220657277,24.96718309859155,81.59178403755868,1.0292018779342722,18.35863849765258,1457.77,0.6211025821596244,17080.0,61320.0,59.84
Francisco Alves,16/17,Noroeste,Argissolo Vermelho distrófico,323.0,29.91311320754717,18.915707547169813,24.05457547169811,77.95603773584905,1.046556603773585,21.54995283018868,996.95,0.562852358490566,17250.0,58650.0,56.67
Francisco Alves,17/18,Noroeste,Argissolo Vermelho distrófico,323.0,30.696650943396225,19.753490566037733,24.813490566037736,77.31235849056604,1.0664622641509434,20.12198113207547,1354.71,0.5492490959119497,18400.0,66240.0,60.0
Francisco Alves,18/19,Noroeste,Argissolo Vermelho distrófico,323.0,31.078584905660378,20.226556603773584,25.26297169811321,76.61325471698113,1.035943396226415,20.210754716981132,1138.13,0.600344929245283,18600.0,31620.0,28.33
Francisco Alves,19/20,Noroeste,Argissolo Vermelho distrófico,323.0,33.487793427230045,20.60638497652582,26.565727699530516,66.54460093896714,1.0902347417840375,21.4881220657277,842.14,0.5560868544600939,19000.0,66500.0,58.33
Francisco Alves,20/21,Noroeste,Argissolo Vermelho distrófico,323.0,32.346556603773585,20.112641509433963,25.737971698113206,70.7929716981132,1.0095754716981131,21.035896226415094,1018.67,0.5518718160377358,19000.0,62700.0,55.0
Francisco Alves,21/22,Noroeste,Argissolo Vermelho distrófico,323.0,33.615801886792454,20.542169811320754,26.630990566037738,64.6775,1.0975,21.992311320754716,960.76,0.4400043238993711,19000.0,9120.0,8.0
Francisco Alves,22/23,Noroeste,Argissolo Vermelho distrófico,323.0,29.110896226415097,18.684103773584905,23.556509433962262,79.45084905660379,1.0358018867924528,20.407500000000002,1426.22,0.5386211084905661,19750.0,35550.0,30.0
Francisco Alves,23/24,Noroeste,Argissolo Vermelho distrófico,323.0,33.40943661971831,21.426854460093896,26.970610328638497,71.59122065727699,1.092112676056338,20.19093896713615,954.85,0.48801467136150234,19080.0,38160.0,33.33
Francisco Alves,99/00,Noroeste,Argissolo Vermelho distrófico,323.0,31.122666666666664,20.783,25.470833333333335,77.6695,0.9545,21.052000000000003,342.06,0.753335,4000.0,8800.0,36.67
Imbaú,00/01,Sul,Cambissolo Háplico distrófico,940.0,25.992924528301888,16.769150943396227,21.069103773584903,83.37429245283018,0.14867924528301887,19.915424528301884,1343.31,0.7685525943396225,1100.0,3190.0,48.33
Imbaú,01/02,Sul,Cambissolo Háplico distrófico,940.0,26.27358490566038,16.16575471698113,20.915896226415093,79.46353773584906,0.14783018867924527,20.632830188679243,1034.67,0.7776908018867925,1300.0,3770.0,48.33
Imbaú,02/03,Sul,Cambissolo Háplico distrófico,940.0,26.851037735849058,16.888490566037735,21.53825471698113,79.93127358490567,0.14971698113207546,19.522169811320754,1171.45,0.7656020440251573,1500.0,4500.0,50.0
Imbaú,03/04,Sul,Cambissolo Háplico distrófico,940.0,27.14150234741784,15.580093896713615,21.03924882629108,73.60511737089202,0.15164319248826288,21.042957746478873,1006.39,0.7085167057902974,1500.0,4200.0,46.67
Imbaú,04/05,Sul,Cambissolo Háplico distrófico,940.0,27.440801886792453,16.285943396226415,21.614716981132073,74.08882075471698,0.15580188679245283,20.030094339622643,806.09,0.7978117924528302,1750.0,3675.0,35.0
Imbaú,05/06,Sul,Cambissolo Háplico distrófico,940.0,26.657358490566036,16.407924528301887,21.223537735849057,78.98216981132076,0.14089622641509433,19.42731132075472,1019.32,0.7783666273584905,1300.0,3770.0,48.33
Imbaú,06/07,Sul,Cambissolo Háplico distrófico,940.0,27.080330188679245,16.876367924528303,21.66504716981132,77.4958962264151,0.15462264150943397,19.580377358490566,1096.6299999999999,0.7641810534591195,2000.0,6000.0,50.0
Imbaú,07/08,Sul,Cambissolo Háplico distrófico,940.0,27.763708920187792,16.569718309859155,21.85164319248826,73.21882629107982,0.15276995305164318,19.970516431924885,905.41,0.7975985915492958,1800.0,4860.0,45.0
Imbaú,08/09,Sul,Cambissolo Háplico distrófico,940.0,26.75792452830189,16.076650943396228,21.102735849056604,75.9533962264151,0.14599056603773586,20.086320754716983,878.54,0.7773829009433962,1800.0,4914.0,45.5
Imbaú,09/10,Sul,Cambissolo Háplico distrófico,940.0,25.603207547169813,17.52047169811321,21.325707547169813,87.22283018867925,0.14533018867924527,18.118443396226414,1533.64,0.83406643081761,2000.0,6000.0,50.0
Imbaú,10/11,Sul,Cambissolo Háplico distrófico,940.0,25.589056603773585,16.216132075471698,20.57938679245283,82.40877358490566,0.1379245283018868,18.828301886792453,1051.21,0.8457860062893082,2350.0,7520.0,53.33
Imbaú,11/12,Sul,Cambissolo Háplico distrófico,940.0,26.709906103286386,15.494413145539905,20.779530516431926,74.96211267605634,0.14234741784037558,21.61018779342723,834.65,0.8588942488262912,2300.0,6900.0,50.0
Imbaú,12/13,Sul,Cambissolo Háplico distrófico,940.0,27.592028301886792,16.852358490566036,21.853443396226417,75.21660377358491,0.14735849056603775,19.41391509433962,962.59,0.863975,2450.0,8575.0,58.33
Imbaú,13/14,Sul,Cambissolo Háplico distrófico,940.0,26.54259433962264,16.315990566037737,21.209056603773583,77.67481132075473,0.1529245283018868,20.326933962264153,928.27,0.8525421383647799,2080.0,5360.0,42.95
Imbaú,14/15,Sul,Cambissolo Háplico distrófico,940.0,26.47051886792453,16.99377358490566,21.39981132075472,80.10089622641509,0.15089622641509434,20.047924528301888,1033.29,0.8646217374213837,2220.0,7478.0,56.14
Imbaú,15/16,Sul,Cambissolo Háplico distrófico,940.0,25.8775117370892,17.593286384976526,21.478169014084507,86.2131924882629,0.14051643192488264,17.92014084507042,1390.33,0.8505631455399061,2225.0,7212.5,54.03
Imbaú,16/17,Sul,Cambissolo Háplico distrófico,940.0,26.124150943396224,16.3675,20.96061320754717,80.53240566037735,0.1516981132075472,20.199009433962264,842.2,0.8648320754716982,2055.0,7809.0,63.33
Imbaú,17/18,Sul,Cambissolo Háplico distrófico,940.0,26.325,16.84316037735849,21.3163679245283,81.11127358490566,0.14466981132075474,19.11608490566038,1341.55,0.8615115959119497,2270.0,8399.0,61.67
Imbaú,18/19,Sul,Cambissolo Háplico distrófico,940.0,27.970943396226417,17.428962264150943,22.37933962264151,75.68603773584906,0.1456132075471698,19.718679245283017,968.47,0.8589589229559748,3280.0,10168.0,51.67
Imbaú,19/20,Sul,Cambissolo Háplico distrófico,940.0,29.333427230046947,17.23323943661972,22.91338028169014,69.06774647887325,0.14,20.4468544600939,751.69,0.8566861502347418,3050.0,11490.0,62.79
Imbaú,20/21,Sul,Cambissolo Háplico distrófico,940.0,28.99103773584906,17.20627358490566,22.69424528301887,70.55830188679245,0.16264150943396227,20.432594339622643,713.49,0.8187533018867924,3050.0,11210.0,61.26
Imbaú,21/22,Sul,Cambissolo Háplico distrófico,940.0,28.734858490566037,17.067971698113208,22.555566037735847,70.81504716981132,0.14891509433962263,20.3975,915.1,0.8459988993710692,2750.0,9815.0,59.48
Imbaú,22/23,Sul,Cambissolo Háplico distrófico,940.0,26.028443396226415,15.983301886792454,20.687783018867925,79.00462264150943,0.1414622641509434,18.832405660377358,939.92,0.8323801493710692,2850.0,10485.0,61.32
Imbaú,23/24,Sul,Cambissolo Háplico distrófico,940.0,28.90450704225352,18.21568075117371,23.223896713615023,74.65910798122066,0.14938967136150236,19.60244131455399,940.11,0.8640913536776212,2850.0,9930.0,58.07
Imbaú,99/00,Sul,Cambissolo Háplico distrófico,940.0,26.563666666666666,17.326999999999998,21.568666666666665,82.37783333333333,0.13516666666666666,18.747333333333334,329.06,0.8025366666666667,1300.0,3640.0,46.67
Lindoeste,00/01,Oeste,Nitossolo Vermelho eutrófico,585.0,28.13443396226415,18.57674528301887,23.15358490566038,81.6436320754717,0.1742452830188679,20.15985849056604,1352.2,0.6925825471698113,2000.0,5800.0,48.33
Lindoeste,01/02,Oeste,Nitossolo Vermelho eutrófico,585.0,29.298160377358492,18.27183962264151,23.51933962264151,75.08433962264151,0.16924528301886793,21.133820754716982,980.75,0.6974186320754716,3000.0,8550.0,47.5
Lindoeste,02/03,Oeste,Nitossolo Vermelho eutrófico,585.0,27.61433962264151,18.718349056603774,22.96547169811321,84.08457547169812,0.16202830188679246,19.67990566037736,1475.66,0.6694066823899372,3000.0,8400.0,46.67
Lindoeste,03/04,Oeste,Nitossolo Vermelho eutrófico,585.0,29.895962441314555,17.70600938967136,23.52431924882629,70.81849765258217,0.17657276995305163,22.41638497652582,1086.0,0.66200465571205,2000.0,5760.0,48.0
Lindoeste,04/05,Oeste,Nitossolo Vermelho eutrófico,585.0,30.275471698113204,18.515849056603773,24.120424528301886,71.30783018867925,0.1719811320754717,21.41193396226415,800.05,0.6277199292452831,3410.0,7767.0,37.96
Lindoeste,05/06,Oeste,Nitossolo Vermelho eutrófico,585.0,29.194433962264153,18.30004716981132,23.491462264150943,74.89334905660377,0.16999999999999998,20.625235849056605,993.63,0.6464042059748427,3650.0,6570.0,30.0
Lindoeste,06/07,Oeste,Nitossolo Vermelho eutrófico,585.0,30.144009433962264,19.279811320754717,24.4375,73.79957547169812,0.1770754716981132,20.624056603773585,1011.46,0.6751316823899371,5800.0,20300.0,58.33
Lindoeste,07/08,Oeste,Nitossolo Vermelho eutrófico,585.0,31.453051643192488,18.89169014084507,24.83150234741784,66.8918309859155,0.17220657276995305,20.933661971830986,714.45,0.6640929577464788,5825.0,18736.78,53.61
Lindoeste,08/09,Oeste,Nitossolo Vermelho eutrófico,585.0,30.16627358490566,18.387830188679246,23.96,70.13235849056603,0.17254716981132073,21.554103773584906,732.51,0.622463325471698,5800.0,16240.0,46.67
Lindoeste,09/10,Oeste,Nitossolo Vermelho eutrófico,585.0,27.789764150943398,19.48731132075472,23.486556603773582,84.90816037735848,0.16834905660377358,19.33929245283019,1485.13,0.671899567610063,6400.0,20310.0,52.89
Lindoeste,10/11,Oeste,Nitossolo Vermelho eutrófico,585.0,28.362924528301885,18.241179245283018,23.03891509433962,77.93457547169812,0.1733490566037736,20.022311320754714,1295.49,0.6584744889937106,6300.0,20160.0,53.33
Lindoeste,11/12,Oeste,Nitossolo Vermelho eutrófico,585.0,30.4949765258216,18.005774647887325,23.949295774647887,67.36159624413146,0.1771830985915493,22.59530516431925,751.39,0.6334297339593115,6260.0,12520.0,33.33
Lindoeste,12/13,Oeste,Nitossolo Vermelho eutrófico,585.0,31.024622641509435,19.323773584905663,24.83174528301887,69.20882075471698,0.1803301886792453,20.546462264150946,827.8,0.6651830188679245,6300.0,21086.1,55.78
Lindoeste,13/14,Oeste,Nitossolo Vermelho eutrófico,585.0,29.778066037735847,18.75509433962264,23.961367924528304,73.24693396226415,0.17311320754716983,21.06495283018868,960.12,0.6359079402515723,12550.0,43925.0,58.33
Lindoeste,14/15,Oeste,Nitossolo Vermelho eutrófico,585.0,29.66943396226415,19.639716981132075,24.387358490566037,76.49528301886792,0.16551886792452833,20.402358490566037,881.03,0.6251463050314465,13012.0,42138.65,53.97
Lindoeste,15/16,Oeste,Nitossolo Vermelho eutrófico,585.0,28.557323943661974,19.84431924882629,23.925023474178403,81.95976525821597,0.1731455399061033,17.907276995305164,1370.44,0.6520710876369327,13260.0,45987.26,57.8
Lindoeste,16/17,Oeste,Nitossolo Vermelho eutrófico,585.0,28.528867924528303,18.142971698113207,23.113537735849054,77.22995283018868,0.17641509433962263,21.163679245283017,1032.32,0.6727192216981133,12920.0,44574.0,57.5
Lindoeste,17/18,Oeste,Nitossolo Vermelho eutrófico,585.0,28.710896226415095,18.869669811320755,23.606320754716982,79.03462264150943,0.18216981132075472,20.05377358490566,1656.8,0.6470487028301888,13070.0,48607.3,61.98
Lindoeste,18/19,Oeste,Nitossolo Vermelho eutrófico,585.0,29.256367924528302,19.21745283018868,23.980943396226415,77.88990566037735,0.1779245283018868,19.986084905660377,1171.81,0.7029241352201258,9000.0,26100.0,48.33
Lindoeste,19/20,Oeste,Nitossolo Vermelho eutrófico,585.0,31.784741784037557,19.397136150234743,25.23408450704225,67.22478873239436,0.18309859154929578,21.198450704225355,849.96,0.6676068857589984,8020.0,32721.6,68.0
Lindoeste,20/21,Oeste,Nitossolo Vermelho eutrófico,585.0,31.317971698113208,19.21816037735849,24.864528301886793,68.6627358490566,0.19216981132075472,20.98188679245283,792.77,0.6615911556603774,10500.0,39900.0,63.33
Lindoeste,21/22,Oeste,Nitossolo Vermelho eutrófico,585.0,31.70952830188679,19.40061320754717,25.275000000000002,66.3311320754717,0.18849056603773584,21.924292452830187,935.04,0.6254785770440252,10815.0,12112.8,18.67
Lindoeste,22/23,Oeste,Nitossolo Vermelho eutrófico,585.0,27.767169811320755,17.675566037735848,22.547877358490563,78.70764150943397,0.18018867924528303,20.757311320754717,1259.61,0.6512868710691824,11605.0,52222.5,75.0
Lindoeste,23/24,Oeste,Nitossolo Vermelho eutrófico,585.0,30.70746478873239,20.487605633802815,25.29281690140845,76.60793427230047,0.16140845070422535,19.77755868544601,1240.3,0.6663555555555555,11450.0,39742.95,57.85
Lindoeste,99/00,Oeste,Nitossolo Vermelho eutrófico,585.0,30.226166666666664,19.982000000000003,24.766833333333334,76.03583333333333,0.17099999999999999,20.91916666666667,285.74,0.7184174999999999,3150.0,7875.0,41.67
Mato Rico,00/01,Sul,Neossolo Litólico eutrófico,700.0,26.02245283018868,17.299622641509433,21.398443396226416,84.40150943396226,0.2597169811320755,20.254575471698114,1407.62,0.7465110849056604,2515.0,7170.27,47.52
Mato Rico,01/02,Sul,Neossolo Litólico eutrófico,700.0,26.399528301886793,16.710943396226416,21.237641509433963,80.83603773584906,0.25056603773584907,21.31754716981132,1041.45,0.7225620283018869,3000.0,8700.0,48.33
Mato Rico,02/03,Sul,Neossolo Litólico eutrófico,700.0,26.223867924528303,17.374575471698112,21.493584905660377,84.15221698113207,0.25636792452830187,20.13433962264151,1387.05,0.733582429245283,3500.0,11200.0,53.33
Mato Rico,03/04,Sul,Neossolo Litólico eutrófico,700.0,27.00582159624413,16.12042253521127,21.25112676056338,75.72211267605634,0.26666666666666666,22.50981220657277,1032.92,0.6412170187793428,3500.0,9800.0,46.67
Mato Rico,04/05,Sul,Neossolo Litólico eutrófico,700.0,27.222688679245284,16.867830188679246,21.780943396226416,77.33481132075471,0.26443396226415095,21.132877358490568,914.18,0.6949959905660377,4630.0,9954.5,35.83
Mato Rico,05/06,Sul,Neossolo Litólico eutrófico,700.0,26.437122641509433,17.020424528301888,21.465,81.10570754716981,0.26433962264150945,20.313584905660374,1164.43,0.7129480738993711,3400.0,8500.0,41.67
Mato Rico,06/07,Sul,Neossolo Litólico eutrófico,700.0,27.003301886792453,17.589622641509433,21.996179245283017,79.75490566037736,0.2829245283018868,20.184103773584905,1173.43,0.7131767688679246,4000.0,11600.0,48.33
Mato Rico,07/08,Sul,Neossolo Litólico eutrófico,700.0,28.209671361502348,17.33488262910798,22.391549295774645,73.1819248826291,0.2715962441314554,20.988262910798124,860.87,0.6959068466353678,4200.0,12600.0,50.0
Mato Rico,08/09,Sul,Neossolo Litólico eutrófico,700.0,26.648773584905662,16.719716981132073,21.401603773584906,77.74632075471699,0.2670754716981132,21.47202830188679,886.24,0.7115400943396226,4400.0,12760.0,48.33
Mato Rico,09/10,Sul,Neossolo Litólico eutrófico,700.0,25.917075471698112,18.23816037735849,21.857075471698113,87.33080188679246,0.2629245283018868,19.20306603773585,1547.75,0.7417386792452829,5250.0,16275.0,51.67
Mato Rico,10/11,Sul,Neossolo Litólico eutrófico,700.0,25.782500000000002,16.94768867924528,21.064622641509434,82.9245283018868,0.25679245283018864,19.767264150943397,1179.93,0.7347432783018869,5250.0,17062.5,54.17
Mato Rico,11/12,Sul,Neossolo Litólico eutrófico,700.0,28.02680751173709,16.399201877934274,21.85131455399061,71.74478873239437,0.26892018779342725,22.461596244131453,637.4,0.7109003129890453,5500.0,16500.0,50.0
Mato Rico,12/13,Sul,Neossolo Litólico eutrófico,700.0,27.88570754716981,17.59070754716981,22.374858490566037,76.10377358490567,0.2735377358490566,20.557264150943396,1189.65,0.7317158018867924,9000.0,22500.0,41.67
Mato Rico,13/14,Sul,Neossolo Litólico eutrófico,700.0,27.132122641509437,17.03264150943396,21.822311320754718,77.3566037735849,0.2829245283018868,21.345896226415093,764.76,0.709260927672956,10400.0,31200.0,50.0
Mato Rico,14/15,Sul,Neossolo Litólico eutrófico,700.0,26.81084905660377,17.81367924528302,21.95952830188679,81.19617924528302,0.26872641509433964,20.72952830188679,884.91,0.7499683569182389,10600.0,31800.0,50.0
Mato Rico,15/16,Sul,Neossolo Litólico eutrófico,700.0,26.146150234741786,18.355399061032863,22.003521126760564,86.82042253521126,0.251924882629108,18.28694835680751,1390.31,0.7839136541471049,9200.0,21620.0,39.17
Mato Rico,16/17,Sul,Neossolo Litólico eutrófico,700.0,26.088584905660376,16.975047169811322,21.23985849056604,82.10292452830188,0.25849056603773585,21.23122641509434,977.9,0.7646694575471699,9200.0,34500.0,62.5
Mato Rico,17/18,Sul,Neossolo Litólico eutrófico,700.0,26.57547169811321,17.502783018867927,21.787264150943393,81.90764150943396,0.2675,19.85179245283019,1410.92,0.7779237421383648,9200.0,34960.0,63.33
Mato Rico,18/19,Norte,Neossolo Litólico eutrófico,700.0,27.514858490566034,18.10452830188679,22.51306603773585,79.42985849056605,0.2725,20.100377358490565,1113.78,0.7793420990566038,9500.0,31825.0,55.83
Mato Rico,19/20,Sul,Neossolo Litólico eutrófico,700.0,29.63901408450704,17.992206572769955,23.46356807511737,70.09793427230048,0.2747887323943662,21.211455399061034,767.36,0.7739840375586854,9600.0,35520.0,61.67
Mato Rico,20/21,Sul,Neossolo Litólico eutrófico,700.0,28.84127358490566,17.776132075471697,22.8911320754717,73.22971698113209,0.28250000000000003,20.938396226415094,836.9,0.7465833726415094,10300.0,35741.0,57.83
Mato Rico,21/22,Norte,Neossolo Litólico eutrófico,700.0,29.368160377358492,17.974103773584908,23.292830188679243,70.61797169811321,0.27693396226415096,21.57504716981132,886.77,0.7284579009433962,13000.0,28600.0,36.67
Mato Rico,22/23,Sul,Neossolo Litólico eutrófico,700.0,25.756839622641508,16.624103773584906,20.90259433962264,81.57330188679245,0.26811320754716983,19.905424528301886,1092.37,0.7880834905660378,13800.0,48300.0,58.33
Mato Rico,23/24,Sul,Neossolo Litólico eutrófico,700.0,28.70492957746479,18.848356807511735,23.44023474178404,78.08849765258215,0.25821596244131456,19.94906103286385,1074.68,0.7770385758998435,13900.0,46565.0,55.83
Mato Rico,99/00,Sul,Neossolo Litólico eutrófico,700.0,26.826166666666666,18.011833333333335,22.121,82.38066666666667,0.2558333333333333,20.509666666666664,314.48,0.80904,1500.0,3720.0,41.33
Moreira Sales,00/01,Centro-oeste,Argissolo Vermelho distrófico,560.0,28.946745283018867,18.968632075471696,23.782877358490566,79.46773584905661,1.7712264150943395,20.370754716981132,1272.89,0.617375,3000.0,8553.0,47.52
Moreira Sales,01/02,Centro-oeste,Argissolo Vermelho distrófico,560.0,30.191273584905662,18.644669811320757,24.131650943396227,73.2831603773585,1.996367924528302,21.54679245283019,915.87,0.6287646226415095,6300.0,18742.5,49.58
Moreira Sales,02/03,Centro-oeste,Argissolo Vermelho distrófico,560.0,29.87509433962264,19.323254716981133,24.26646226415094,77.70985849056605,2.000801886792453,20.32358490566038,1133.6200000000001,0.5892925314465409,10250.0,27951.75,45.45
Moreira Sales,03/04,Centro-oeste,Argissolo Vermelho distrófico,560.0,31.10164319248826,18.314976525821596,24.38830985915493,68.62751173708921,2.0208450704225354,22.64370892018779,916.62,0.5584860328638498,14000.0,32970.0,39.25
Moreira Sales,04/05,Centro-oeste,Argissolo Vermelho distrófico,560.0,30.45245283018868,18.692169811320753,24.308679245283017,72.74033018867925,1.919575471698113,21.360660377358492,892.5699999999999,0.5488316037735849,15500.0,32550.0,35.0
Moreira Sales,05/06,Centro-oeste,Argissolo Vermelho distrófico,560.0,29.47056603773585,18.755235849056604,23.88570754716981,76.51457547169811,1.880188679245283,20.600849056603774,1161.09,0.5875905660377359,15000.0,37200.0,41.33
Moreira Sales,06/07,Centro-oeste,Argissolo Vermelho distrófico,560.0,29.775754716981133,19.574150943396226,24.44070754716981,76.46000000000001,1.8861792452830188,20.199198113207544,1143.21,0.6241704009433963,14000.0,42000.0,50.0
Moreira Sales,07/08,Centro-oeste,Argissolo Vermelho distrófico,560.0,31.72474178403756,19.35732394366197,25.202863849765258,67.58366197183098,2.074319248826291,21.112112676056338,833.15,0.555056103286385,14000.0,37520.0,44.67
Moreira Sales,08/09,Centro-oeste,Argissolo Vermelho distrófico,560.0,30.218726415094338,18.65301886792453,24.162075471698113,72.25344339622642,1.8800000000000001,21.808396226415095,823.71,0.5214852594339623,15300.0,37109.5,40.42
Moreira Sales,09/10,Centro-oeste,Argissolo Vermelho distrófico,560.0,28.95174528301887,19.816226415094338,24.186839622641507,82.74962264150943,1.9794811320754715,19.61169811320755,1261.24,0.5349822327044025,12300.0,39021.0,52.87
Moreira Sales,10/11,Centro-oeste,Argissolo Vermelho distrófico,560.0,29.090660377358493,18.646603773584907,23.614528301886793,77.13174528301887,1.9795283018867926,19.934622641509435,1224.38,0.6362873820754716,12000.0,39264.0,54.53
Moreira Sales,11/12,Centro-oeste,Argissolo Vermelho distrófico,560.0,31.174600938967135,18.2681220657277,24.475399061032864,67.05037558685446,2.014413145539906,22.70417840375587,722.67,0.5319716744913928,13000.0,30615.0,39.25
Moreira Sales,12/13,Centro-oeste,Argissolo Vermelho distrófico,560.0,31.795283018867927,19.856698113207546,25.45443396226415,68.75438679245283,2.0766509433962264,21.032688679245286,876.88,0.580498466981132,13116.0,41858.8,53.19
Moreira Sales,13/14,Centro-oeste,Argissolo Vermelho distrófico,560.0,30.249481132075474,18.88254716981132,24.26570754716981,73.65400943396226,2.1311320754716983,21.506886792452832,935.37,0.5501156839622642,13100.0,43636.0,55.52
Moreira Sales,14/15,Centro-oeste,Argissolo Vermelho distrófico,560.0,29.95117924528302,19.759622641509434,24.531037735849058,76.90594339622642,1.9725000000000001,20.91198113207547,919.27,0.5426373820754717,13200.0,40560.0,51.21
Moreira Sales,15/16,Centro-oeste,Argissolo Vermelho distrófico,560.0,29.189953051643194,20.029765258215964,24.30417840375587,82.28417840375586,1.9311737089201877,18.35863849765258,1568.15,0.6409614632237871,13500.0,38288.3,47.27
Moreira Sales,16/17,Centro-oeste,Argissolo Vermelho distrófico,560.0,28.65103773584906,18.35834905660377,23.32146226415094,79.04943396226415,1.8885849056603774,21.54995283018868,1046.52,0.5743451650943396,13000.0,45123.0,57.85
Moreira Sales,17/18,Centro-oeste,Argissolo Vermelho distrófico,560.0,29.684905660377357,19.236603773584903,24.185943396226417,77.45278301886793,1.985188679245283,20.12198113207547,1346.72,0.6071048349056604,12200.0,40260.0,55.0
Moreira Sales,18/19,Centro-oeste,Argissolo Vermelho distrófico,560.0,29.99872641509434,19.702688679245284,24.64183962264151,76.94438679245283,1.8775943396226416,20.210754716981132,1168.7,0.6059557389937107,13000.0,33839.0,43.38
Moreira Sales,19/20,Centro-oeste,Argissolo Vermelho distrófico,560.0,32.64544600938967,20.126713615023473,26.02042253521127,66.43272300469484,2.0188732394366196,21.4881220657277,834.68,0.5887092723004695,13100.0,40610.0,51.67
Moreira Sales,20/21,Centro-oeste,Argissolo Vermelho distrófico,560.0,31.498443396226417,19.64235849056604,25.25306603773585,70.25825471698113,1.8766981132075473,21.035896226415094,1014.05,0.543405070754717,13100.0,40610.0,51.67
Moreira Sales,21/22,Centro-oeste,Argissolo Vermelho distrófico,560.0,32.86735849056604,20.102311320754715,26.19070754716981,64.16966981132074,2.035141509433962,21.992311320754716,963.61,0.45978176100628937,14000.0,13300.0,15.83
Moreira Sales,22/23,Centro-oeste,Argissolo Vermelho distrófico,560.0,28.45933962264151,18.163254716981132,23.09481132075472,78.72863207547171,1.9058490566037736,20.407500000000002,1277.79,0.6063469339622641,14000.0,57260.0,68.17
Moreira Sales,23/24,Centro-oeste,Argissolo Vermelho distrófico,560.0,32.763849765258215,20.968028169014083,26.544413145539906,69.98164319248826,2.061737089201878,20.19093896713615,990.93,0.5525671752738655,14000.0,30100.0,35.83
Moreira Sales,99/00,Centro-oeste,Argissolo Vermelho distrófico,560.0,29.649833333333333,19.983166666666666,24.550666666666665,79.19583333333334,1.7198333333333333,21.052000000000003,365.11,0.7702433333333333,2200.0,5456.0,41.33
Nova Esperança do Sudoeste,00/01,Sudoeste,Cambissolo Háplico eutrófico,650.0,26.95198113207547,16.64018867924528,21.464198113207548,83.3657075471698,0.09358490566037736,20.15985849056604,1456.68,0.7149676886792453,350.0,1120.0,53.33
Nova Esperança do Sudoeste,01/02,Sudoeste,Cambissolo Háplico eutrófico,650.0,27.063537735849057,15.946698113207546,21.143396226415092,80.9747641509434,0.08617924528301886,21.133820754716982,1061.57,0.752535141509434,1000.0,2500.0,41.67
Nova Esperança do Sudoeste,02/03,Sudoeste,Cambissolo Háplico eutrófico,650.0,26.50193396226415,16.623207547169812,21.24731132075472,84.99127358490567,0.07731132075471699,19.67990566037736,1603.87,0.7730873820754717,1000.0,3000.0,50.0
Nova Esperança do Sudoeste,03/04,Sudoeste,Cambissolo Háplico eutrófico,650.0,27.27962441314554,15.085821596244132,20.821220657276996,77.93619718309859,0.08835680751173709,22.41638497652582,1215.75,0.7163535993740219,2000.0,4000.0,33.33
Nova Esperança do Sudoeste,04/05,Sudoeste,Cambissolo Háplico eutrófico,650.0,28.009056603773587,15.962547169811321,21.5625,78.03212264150945,0.09037735849056604,21.41193396226415,977.43,0.7121792452830189,2300.0,2576.0,18.67
Nova Esperança do Sudoeste,05/06,Sudoeste,Cambissolo Háplico eutrófico,650.0,27.277830188679243,16.007264150943396,21.27183962264151,79.5668396226415,0.08325471698113207,20.625235849056605,1052.71,0.7138398191823898,1550.0,2800.0,30.11
Nova Esperança do Sudoeste,06/07,Sudoeste,Cambissolo Háplico eutrófico,650.0,29.134999999999998,17.148396226415095,22.657783018867924,75.53349056603774,0.08877358490566038,20.624056603773585,991.7,0.7290020440251572,1450.0,4275.0,49.14
Nova Esperança do Sudoeste,07/08,Sudoeste,Cambissolo Háplico eutrófico,650.0,29.14507042253521,16.33638497652582,22.19568075117371,74.18774647887324,0.07267605633802818,20.933661971830986,763.24,0.7285908059467918,1400.0,3920.0,46.67
Nova Esperança do Sudoeste,08/09,Sudoeste,Cambissolo Háplico eutrófico,650.0,27.825,15.826698113207549,21.36570754716981,77.0902358490566,0.07754716981132076,21.554103773584906,876.07,0.7119498820754716,1500.0,3750.0,41.67
Nova Esperança do Sudoeste,09/10,Sudoeste,Cambissolo Háplico eutrófico,650.0,27.03179245283019,17.576509433962265,21.971650943396224,85.07674528301887,0.07372641509433962,19.33929245283019,1500.82,0.7587381289308176,2300.0,6700.0,48.55
Nova Esperança do Sudoeste,10/11,Sudoeste,Cambissolo Háplico eutrófico,650.0,26.7488679245283,16.056367924528303,21.054481132075473,81.76896226415094,0.0799056603773585,20.022311320754714,1411.6200000000001,0.7333537342767296,2100.0,7350.0,58.33
Nova Esperança do Sudoeste,11/12,Sudoeste,Cambissolo Háplico eutrófico,650.0,28.01676056338028,15.373849765258216,21.266619718309858,74.73929577464789,0.08535211267605633,22.59530516431925,822.92,0.7077610719874804,2000.0,4000.0,33.33
Nova Esperança do Sudoeste,12/13,Sudoeste,Cambissolo Háplico eutrófico,650.0,29.21632075471698,16.850330188679244,22.551462264150942,73.84915094339622,0.08334905660377359,20.546462264150946,850.06,0.7312666273584906,2050.0,6260.0,50.89
Nova Esperança do Sudoeste,13/14,Sudoeste,Cambissolo Háplico eutrófico,650.0,28.01132075471698,16.43047169811321,21.81122641509434,77.94155660377359,0.07514150943396226,21.06495283018868,944.3,0.7189092374213837,2150.0,5965.0,46.24
Nova Esperança do Sudoeste,14/15,Sudoeste,Cambissolo Háplico eutrófico,650.0,28.297311320754716,17.3988679245283,22.460330188679247,79.28141509433962,0.08490566037735849,20.402358490566037,830.9,0.7389286163522012,2420.0,7730.0,53.24
Nova Esperança do Sudoeste,15/16,Sudoeste,Cambissolo Háplico eutrófico,650.0,27.398215962441313,17.76507042253521,22.152065727699533,83.62225352112677,0.07605633802816901,17.907276995305164,1371.5,0.7411104460093897,2550.0,8340.0,54.51
Nova Esperança do Sudoeste,16/17,Sudoeste,Cambissolo Háplico eutrófico,650.0,26.68509433962264,15.97429245283019,21.006462264150944,81.81037735849057,0.08863207547169812,21.163679245283017,1137.14,0.7215766509433962,2300.0,8970.0,65.0
Nova Esperança do Sudoeste,17/18,Sudoeste,Cambissolo Háplico eutrófico,650.0,27.39353773584906,16.637830188679246,21.723066037735848,81.28551886792452,0.08764150943396228,20.05377358490566,1570.44,0.737082036163522,1500.0,5400.0,60.0
Nova Esperança do Sudoeste,18/19,Sudoeste,Cambissolo Háplico eutrófico,650.0,27.585990566037733,17.072830188679244,21.99174528301887,81.3620754716981,0.09056603773584905,19.986084905660377,1166.19,0.7573235849056604,1700.0,4930.0,48.33
Nova Esperança do Sudoeste,19/20,Sudoeste,Cambissolo Háplico eutrófico,650.0,30.10070422535211,16.997042253521126,23.034178403755867,71.50558685446009,0.0907981220657277,21.198450704225355,796.15,0.720416627543036,1800.0,7560.0,70.0
Nova Esperança do Sudoeste,20/21,Sudoeste,Cambissolo Háplico eutrófico,650.0,29.86830188679245,16.967594339622643,22.822783018867927,72.63183962264151,0.1029245283018868,20.98188679245283,725.51,0.7040087264150944,1950.0,7800.0,66.67
Nova Esperança do Sudoeste,21/22,Sudoeste,Cambissolo Háplico eutrófico,650.0,30.218537735849058,16.959622641509434,23.147924528301886,70.4456603773585,0.08669811320754717,21.924292452830187,956.78,0.7099129323899371,2450.0,2205.0,15.0
Nova Esperança do Sudoeste,22/23,Sudoeste,Cambissolo Háplico eutrófico,650.0,26.653443396226415,15.628820754716982,20.82429245283019,80.24099056603774,0.10056603773584906,20.757311320754717,1165.79,0.7186771619496855,2900.0,11600.0,66.67
Nova Esperança do Sudoeste,23/24,Sudoeste,Cambissolo Háplico eutrófico,650.0,28.651079812206575,18.223427230046948,23.039154929577464,81.97098591549296,0.07178403755868545,19.77755868544601,1461.04,0.7276828247261345,2900.0,9280.0,53.33
Nova Esperança do Sudoeste,99/00,Sudoeste,Cambissolo Háplico eutrófico,650.0,28.285500000000003,17.785666666666668,22.552500000000002,80.51383333333334,0.10533333333333333,20.91916666666667,297.82,0.7766941666666667,150.0,345.0,38.33
Pinhal de São Bento,00/01,Sudoeste,Cambissolo Háplico eutrófico,550.0,26.997688679245282,17.750943396226415,22.175943396226415,83.1286320754717,0.18712264150943397,20.09745283018868,1389.44,0.7276945754716981,300.0,960.0,53.33
Pinhal de São Bento,01/02,Sudoeste,Cambissolo Háplico eutrófico,550.0,27.775660377358488,17.368867924528303,22.361792452830187,77.58811320754717,0.1790566037735849,21.002877358490565,1004.96,0.7088823113207547,400.0,1040.0,43.33
Pinhal de São Bento,02/03,Sudoeste,Cambissolo Háplico eutrófico,550.0,26.329056603773587,17.808443396226416,21.927877358490566,85.63080188679245,0.18509433962264152,19.297641509433962,1587.17,0.7493593553459119,600.0,1740.0,48.33
Pinhal de São Bento,03/04,Sudoeste,Cambissolo Háplico eutrófico,550.0,28.160610328638498,16.70586854460094,22.20169014084507,73.65004694835682,0.18788732394366198,22.026948356807512,1195.94,0.6814466353677622,800.0,1600.0,33.33
Pinhal de São Bento,04/05,Sudoeste,Cambissolo Háplico eutrófico,550.0,28.84759433962264,17.50632075471698,22.9527358490566,73.29886792452831,0.18537735849056602,21.40806603773585,884.61,0.6863753537735848,1160.0,1334.0,19.17
Pinhal de São Bento,05/06,Sudoeste,Cambissolo Háplico eutrófico,550.0,27.798915094339623,17.324056603773585,22.32952830188679,76.35962264150943,0.18080188679245282,20.53438679245283,1009.98,0.7226126572327044,800.0,1704.0,35.5
Pinhal de São Bento,06/07,Sudoeste,Cambissolo Háplico eutrófico,550.0,29.139009433962265,18.41561320754717,23.506650943396227,74.52735849056603,0.18910377358490568,20.668301886792456,1054.4,0.7534751572327043,800.0,2400.0,50.0
Pinhal de São Bento,07/08,Sudoeste,Cambissolo Háplico eutrófico,550.0,29.948732394366196,17.89455399061033,23.55380281690141,69.44206572769953,0.18089201877934272,20.747840375586854,762.62,0.6909866588419405,600.0,1680.0,46.67
Pinhal de São Bento,08/09,Sudoeste,Cambissolo Háplico eutrófico,550.0,28.93797169811321,17.360613207547168,22.820518867924527,71.84698113207547,0.18547169811320754,21.111037735849056,812.47,0.7243655660377359,660.0,1188.0,30.0
Pinhal de São Bento,09/10,Sudoeste,Cambissolo Háplico eutrófico,550.0,26.741179245283018,18.616981132075473,22.516556603773587,86.23490566037735,0.18754716981132075,19.03938679245283,1563.43,0.7450148191823899,900.0,2905.0,53.8
Pinhal de São Bento,10/11,Sudoeste,Cambissolo Háplico eutrófico,550.0,26.91004716981132,17.25070754716981,21.87259433962264,80.50514150943397,0.1894811320754717,19.727028301886794,1367.76,0.7388433962264151,900.0,3060.0,56.67
Pinhal de São Bento,11/12,Sudoeste,Cambissolo Háplico eutrófico,550.0,28.945258215962443,17.022394366197183,22.693802816901407,69.77455399061033,0.17929577464788732,22.55244131455399,812.1999999999999,0.6695503129890453,800.0,1520.0,31.67
Pinhal de São Bento,12/13,Sudoeste,Cambissolo Háplico eutrófico,550.0,29.65132075471698,18.263584905660377,23.639150943396228,70.93622641509434,0.19122641509433963,20.294009433962263,878.03,0.7169318396226415,900.0,2710.0,50.19
Pinhal de São Bento,13/14,Sudoeste,Cambissolo Háplico eutrófico,550.0,28.590660377358493,17.912499999999998,22.964858490566037,74.59669811320755,0.19099056603773587,21.02240566037736,977.77,0.7235478773584907,1300.0,3760.0,48.21
Pinhal de São Bento,14/15,Sudoeste,Cambissolo Háplico eutrófico,550.0,28.18877358490566,18.674009433962265,23.221650943396224,79.04896226415094,0.18396226415094338,20.173160377358492,980.54,0.7216740172955974,1200.0,4200.0,58.33
Pinhal de São Bento,15/16,Sudoeste,Cambissolo Háplico eutrófico,550.0,27.36319248826291,18.893051643192486,22.886854460093893,83.22399061032863,0.18718309859154927,17.674084507042252,1407.47,0.7511391627543036,1900.0,6555.0,57.5
Pinhal de São Bento,16/17,Sudoeste,Cambissolo Háplico eutrófico,550.0,27.46816037735849,17.32938679245283,22.154245283018867,78.38000000000001,0.18816037735849056,21.154009433962262,1071.92,0.7126166273584905,1800.0,7020.0,65.0
Pinhal de São Bento,17/18,Sudoeste,Cambissolo Háplico eutrófico,550.0,27.641037735849054,17.91193396226415,22.6025,79.91490566037736,0.194811320754717,20.082264150943395,1624.74,0.7299650943396226,1800.0,6480.0,60.0
Pinhal de São Bento,18/19,Sudoeste,Cambissolo Háplico eutrófico,550.0,27.9861320754717,18.26561320754717,22.904528301886792,79.40551886792453,0.1957547169811321,19.842075471698116,1174.94,0.7329857704402516,1800.0,5940.0,55.0
Pinhal de São Bento,19/20,Sudoeste,Cambissolo Háplico eutrófico,550.0,30.829812206572768,18.531549295774646,24.312253521126763,67.35976525821596,0.19492957746478876,21.33516431924883,810.55,0.7325142018779343,1900.0,7410.0,65.0
Pinhal de São Bento,20/21,Sudoeste,Cambissolo Háplico eutrófico,550.0,30.476603773584905,18.320141509433963,23.96735849056604,68.84221698113207,0.20617924528301887,20.90679245283019,754.98,0.7233900943396226,2100.0,7770.0,61.67
Pinhal de São Bento,21/22,Sudoeste,Cambissolo Háplico eutrófico,550.0,30.709575471698116,18.47132075471698,24.29801886792453,66.85778301886792,0.20004716981132079,21.78292452830189,969.19,0.7114064858490566,2320.0,2796.0,20.09
Pinhal de São Bento,22/23,Sudoeste,Cambissolo Háplico eutrófico,550.0,26.773254716981132,16.775896226415092,21.64179245283019,79.14306603773586,0.19429245283018867,21.2,1156.16,0.719818003144654,2450.0,9445.0,64.25
Pinhal de São Bento,23/24,Sudoeste,Cambissolo Háplico eutrófico,550.0,28.720938967136153,19.47319248826291,23.870610328638495,80.84830985915492,0.18056338028169014,19.298403755868545,1432.86,0.7018347417840376,2450.0,9065.0,61.67
Pinhal de São Bento,99/00,Sudoeste,Cambissolo Háplico eutrófico,550.0,29.210333333333335,19.15083333333333,23.838166666666666,76.86200000000001,0.18133333333333335,20.273000000000003,286.25,0.7827875,300.0,750.0,41.67
Wenceslau Braz,00/01,Norte,Argissolo Vermelho-Amarelo distrófico,841.0,28.2363679245283,17.286603773584908,22.23193396226415,77.7857075471698,0.09433962264150944,20.663962264150946,1135.04,0.5988153301886793,410.0,984.0,40.0
Wenceslau Braz,01/02,Norte,Argissolo Vermelho-Amarelo distrófico,841.0,28.145943396226414,16.63009433962264,21.881415094339623,75.68924528301888,0.08981132075471698,20.991981132075473,1003.43,0.5782139150943396,757.0,2271.0,50.0
Wenceslau Braz,02/03,Norte,Argissolo Vermelho-Amarelo distrófico,841.0,28.682169811320755,17.38731132075472,22.517405660377356,76.03712264150944,0.09811320754716982,20.242830188679246,1103.26,0.6139739779874214,780.0,2496.0,53.33
Wenceslau Braz,03/04,Norte,Argissolo Vermelho-Amarelo distrófico,841.0,28.242159624413144,15.945258215962442,21.56507042253521,73.03413145539906,0.09793427230046949,20.868920187793428,941.67,0.587393427230047,2000.0,6000.0,50.0
Wenceslau Braz,04/05,Norte,Argissolo Vermelho-Amarelo distrófico,841.0,28.867735849056604,16.599150943396225,22.276839622641507,72.03377358490566,0.10561320754716981,20.37617924528302,815.0,0.5328253537735849,3043.0,8079.0,44.25
Wenceslau Braz,05/06,Norte,Argissolo Vermelho-Amarelo distrófico,841.0,27.905896226415095,16.720566037735846,21.834669811320754,77.52646226415095,0.09103773584905661,19.50627358490566,1042.67,0.6053164701257862,2821.0,9125.94,53.92
Wenceslau Braz,06/07,Norte,Argissolo Vermelho-Amarelo distrófico,841.0,28.297877358490563,17.034669811320754,22.201509433962265,76.12051886792453,0.09966981132075471,20.431037735849056,1090.18,0.592622641509434,4000.0,13388.0,55.78
Wenceslau Braz,07/08,Norte,Argissolo Vermelho-Amarelo distrófico,841.0,28.857276995305167,16.830798122065726,22.309953051643195,72.98516431924882,0.09680751173708921,20.285399061032862,897.2,0.5412130672926447,5000.0,17355.0,57.85
Wenceslau Braz,08/09,Norte,Argissolo Vermelho-Amarelo distrófico,841.0,28.123396226415093,16.35995283018868,21.71457547169811,74.63655660377358,0.09716981132075472,20.408301886792454,914.57,0.5340839622641509,5500.0,17325.0,52.5
Wenceslau Braz,09/10,Norte,Argissolo Vermelho-Amarelo distrófico,841.0,27.168915094339624,17.892971698113207,22.140047169811318,83.4138679245283,0.0985377358490566,18.93985849056604,1560.33,0.5435238207547171,8500.0,28050.0,55.0
Wenceslau Braz,10/11,Norte,Argissolo Vermelho-Amarelo distrófico,841.0,27.269716981132078,16.557169811320755,21.40264150943396,79.23957547169812,0.09103773584905661,19.674292452830187,1006.8,0.5270420990566038,9000.0,33300.0,61.67
Wenceslau Braz,11/12,Norte,Argissolo Vermelho-Amarelo distrófico,841.0,28.785962441314553,15.95300469483568,21.857605633802816,70.71610328638498,0.09356807511737089,22.06830985915493,796.85,0.5004185446009389,9000.0,33471.0,61.98
Wenceslau Braz,12/13,Norte,Argissolo Vermelho-Amarelo distrófico,841.0,29.152924528301888,17.184056603773584,22.59896226415094,73.06490566037736,0.10231132075471698,20.1127358490566,915.46,0.48974599056603774,11000.0,38500.0,58.33
Wenceslau Braz,13/14,Norte,Argissolo Vermelho-Amarelo distrófico,841.0,28.395707547169813,16.76372641509434,22.152358490566037,74.08915094339622,0.10745283018867925,20.93825471698113,892.09,0.49862936320754714,14500.0,32349.5,37.18
Wenceslau Braz,14/15,Norte,Argissolo Vermelho-Amarelo distrófico,841.0,28.53311320754717,17.35452830188679,22.386650943396226,75.68415094339623,0.10349056603773585,20.782971698113208,982.0,0.4914485062893082,14500.0,50315.0,57.83
Wenceslau Braz,15/16,Norte,Argissolo Vermelho-Amarelo distrófico,841.0,27.573474178403753,17.976103286384976,22.32549295774648,82.42901408450705,0.10032863849765258,18.501737089201878,1533.69,0.5049881064162755,15000.0,51000.0,56.67
Wenceslau Braz,16/17,Norte,Argissolo Vermelho-Amarelo distrófico,841.0,27.735896226415097,16.817264150943398,21.78933962264151,77.75367924528301,0.0969811320754717,20.609009433962264,814.07,0.566128537735849,15500.0,58900.0,63.33
Wenceslau Braz,17/18,Norte,Argissolo Vermelho-Amarelo distrófico,841.0,27.947122641509434,17.107877358490565,22.056603773584907,77.82509433962264,0.10231132075471698,20.01679245283019,1284.83,0.5346042452830189,18700.0,71808.0,64.0
Wenceslau Braz,18/19,Norte,Argissolo Vermelho-Amarelo distrófico,841.0,28.866886792452828,17.569764150943396,22.741650943396223,75.56146226415095,0.10084905660377358,20.7813679245283,981.58,0.5437778694968554,18700.0,66759.0,59.5
Wenceslau Braz,19/20,Norte,Argissolo Vermelho-Amarelo distrófico,841.0,30.46380281690141,17.26769953051643,23.280610328638495,69.19985915492957,0.09568075117370892,20.83525821596244,815.51,0.534971048513302,18200.0,69160.0,63.33
Wenceslau Braz,20/21,Norte,Argissolo Vermelho-Amarelo distrófico,841.0,30.460518867924527,17.428962264150943,23.348160377358493,69.04599056603773,0.11075471698113208,21.299575471698112,642.29,0.5756804245283019,18700.0,72930.0,65.0
Wenceslau Braz,21/22,Norte,Argissolo Vermelho-Amarelo distrófico,841.0,30.014764150943396,17.13320754716981,22.97801886792453,70.22990566037736,0.10132075471698114,21.34896226415094,848.65,0.5683115566037736,18700.0,68255.0,60.83
Wenceslau Braz,22/23,Norte,Argissolo Vermelho-Amarelo distrófico,841.0,27.239150943396226,16.30311320754717,21.287830188679248,77.50712264150943,0.09726415094339623,19.564716981132076,969.0500000000001,0.5308615959119497,16500.0,65670.0,66.33
Wenceslau Braz,23/24,Norte,Argissolo Vermelho-Amarelo distrófico,841.0,31.198920187793426,18.46338028169014,24.32361502347418,69.63948356807511,0.1052112676056338,20.93037558685446,770.25,0.48995907668231614,16200.0,39690.0,40.83
