municipio,SAFRA,Latitude,Longitude,Altitude (m),Tmax (°C),Tmin (°C),Tmed (°C),UR (%),U2 (m/s),RS (MJ/m²d),Chuva (mm),ano,mes,NDVI,AREA_TOTAL,REGIAO,Solo
Antonina,00/01,-25.100000000000005,-48.7167,500.0,25.54683962264151,16.793066037735848,20.675047169811318,86.5620283018868,0.035330188679245284,17.027405660377358,6.007169811320755,2000.4245283018868,6.89622641509434,,,,Cambissolo Háplico distrófico
Antonina,01/02,-25.100000000000005,-48.7167,500.0,25.054481132075473,16.408396226415093,20.247264150943398,85.78740566037736,0.0394811320754717,17.47811320754717,5.165943396226416,2001.4245283018868,6.89622641509434,,,,Cambissolo Háplico distrófico
Antonina,02/03,-25.100000000000005,-48.7167,500.0,26.608773584905663,16.883490566037736,21.129056603773584,83.49141509433963,0.03443396226415094,17.396037735849056,5.5333490566037735,2002.4245283018868,6.89622641509434,,,,Cambissolo Háplico distrófico
Antonina,03/04,-25.1,-48.7167,500.0,25.452723004694835,15.502441314553991,19.78201877934272,82.6437558685446,0.025868544600938966,16.667464788732396,4.961549295774647,2003.4272300469484,6.873239436619718,,,,Cambissolo Háplico distrófico
Antonina,04/05,-25.100000000000005,-48.7167,500.0,26.05231132075472,16.11948113207547,20.427169811320756,82.20584905660377,0.0264622641509434,16.472216981132075,4.015188679245283,2004.4245283018868,6.89622641509434,,,,Cambissolo Háplico distrófico
Antonina,05/06,-25.100000000000005,-48.7167,500.0,25.245235849056602,16.16268867924528,20.154999999999998,84.93872641509434,0.027122641509433963,16.48622641509434,4.953584905660378,2005.4245283018868,6.89622641509434,,,,Cambissolo Háplico distrófico
Antonina,06/07,-25.100000000000005,-48.7167,500.0,26.062641509433963,16.473584905660378,20.59254716981132,82.82905660377358,0.027452830188679247,16.993537735849056,5.148207547169812,2006.4245283018868,6.89622641509434,,,,Cambissolo Háplico distrófico
Antonina,07/08,-25.1,-48.7167,500.0,26.23830985915493,16.40638497652582,20.637511737089202,82.32441314553989,0.031173708920187792,16.713521126760565,4.398920187793427,2007.4272300469484,6.873239436619718,,,,Cambissolo Háplico distrófico
Antonina,08/09,-25.100000000000005,-48.7167,500.0,25.889433962264153,16.100896226415095,20.211556603773587,81.9972641509434,0.027122641509433963,16.00509433962264,3.8593396226415093,2008.4245283018868,6.89622641509434,,,,Cambissolo Háplico distrófico
Antonina,09/10,-25.100000000000005,-48.7167,500.0,25.052122641509435,17.340424528301888,20.81556603773585,89.37268867924527,0.030660377358490566,15.595943396226415,7.6525,2009.4245283018868,6.89622641509434,,,,Cambissolo Háplico distrófico
Antonina,10/11,-25.100000000000005,-48.7167,500.0,24.286462264150945,16.165990566037735,19.77825471698113,88.08575471698113,0.02419811320754717,15.748867924528302,6.03438679245283,2010.4245283018868,6.89622641509434,,,,Cambissolo Háplico distrófico
Antonina,11/12,-25.1,-48.7167,500.0,24.485492957746477,15.356525821596245,19.439107981220655,84.90586854460095,0.044929577464788734,17.763333333333335,3.7562910798122067,2011.4272300469484,6.873239436619718,,,,Cambissolo Háplico distrófico
Antonina,12/13,-25.100000000000005,-48.7167,500.0,26.767452830188677,16.578584905660378,20.92443396226415,80.94948113207548,0.023113207547169813,16.307028301886792,4.250801886792453,2012.4245283018868,6.89622641509434,,,,Cambissolo Háplico distrófico
Antonina,13/14,-25.100000000000005,-48.7167,500.0,26.278962264150945,16.37820754716981,20.76424528301887,81.55872641509434,0.031650943396226414,17.375471698113206,3.941132075471698,2013.4245283018868,6.89622641509434,,,,Cambissolo Háplico distrófico
Antonina,14/15,-25.100000000000005,-48.7167,500.0,26.444764150943396,16.995990566037737,21.055990566037735,82.39698113207547,0.03372641509433962,17.282169811320756,5.226933962264151,2014.4245283018868,6.89622641509434,,,,Cambissolo Háplico distrófico
Antonina,15/16,-25.1,-48.7167,500.0,25.814178403755868,17.368356807511738,21.069718309859155,86.84023474178404,0.02431924882629108,14.878544600938968,5.851924882629108,2015.4272300469484,6.873239436619718,,,,Cambissolo Háplico distrófico
Antonina,16/17,-25.100000000000005,-48.7167,500.0,25.55382075471698,16.473537735849057,20.409481132075474,84.50051886792453,0.02339622641509434,16.43938679245283,4.302783018867925,2016.4245283018868,6.89622641509434,,,,Cambissolo Háplico distrófico
Antonina,17/18,-25.100000000000005,-48.7167,500.0,25.978443396226417,16.624669811320754,20.689009433962262,84.1352358490566,0.029386792452830192,16.462169811320756,5.724009433962264,2017.4245283018868,6.89622641509434,,,,Cambissolo Háplico distrófico
Antonina,18/19,-25.100000000000005,-48.7167,500.0,27.00009433962264,17.0738679245283,21.277924528301888,82.01938679245283,0.021886792452830192,16.709858490566038,4.601273584905661,2018.4245283018868,6.89622641509434,,,,Cambissolo Háplico distrófico
Antonina,19/20,-25.1,-48.7167,500.0,27.730093896713615,16.372394366197184,21.17943661971831,78.26784037558686,0.016807511737089203,16.661267605633803,3.152018779342723,2019.4272300469484,6.873239436619718,,,,Cambissolo Háplico distrófico
Antonina,20/21,-25.100000000000005,-48.7167,500.0,27.907500000000002,16.92759433962264,21.450754716981134,79.36962264150944,0.024245283018867924,16.683254716981132,3.4035377358490564,2020.4245283018868,6.89622641509434,,,,Cambissolo Háplico distrófico
Antonina,21/22,-25.100000000000005,-48.7167,500.0,27.484103773584906,16.427735849056603,21.062405660377358,79.35283018867923,0.017452830188679245,16.89424528301887,3.7425471698113206,2021.4245283018868,6.89622641509434,,,,Cambissolo Háplico distrófico
Antonina,22/23,-25.100000000000005,-48.7167,500.0,25.514811320754717,16.073915094339622,20.12617924528302,83.28325471698113,0.02419811320754717,16.496462264150942,4.374103773584905,2022.4245283018868,6.89622641509434,,,,Cambissolo Háplico distrófico
Antonina,23/24,-25.1,-48.7167,500.0,28.146103286384974,17.48417840375587,22.12732394366197,80.66873239436619,0.027417840375586852,16.021596244131455,4.563380281690141,2023.4272300469484,6.873239436619718,,,,Cambissolo Háplico distrófico
Antonina,24/25,-25.1,-48.7167,500.0,28.105409836065576,16.147622950819674,21.229262295081966,75.9716393442623,0.02622950819672131,14.063360655737705,3.5308196721311473,2024.0,10.508196721311476,,,,Cambissolo Háplico distrófico
Antonina,99/00,-25.099999999999998,-48.7167,500.0,26.505164835164834,17.66032967032967,21.40857142857143,85.00989010989011,0.023406593406593405,17.03043956043956,5.4009890109890115,2000.0,2.0,,,,Cambissolo Háplico distrófico
Bandeirantes,00/01,-23.11,-50.3678,420.0,29.880471698113208,19.509952830188677,24.492264150943395,75.2286320754717,2.1720754716981134,20.746556603773588,4.912122641509433,2000.4245283018868,6.89622641509434,0.5910834905660377,7500.0,Norte,Nitossolo Vermelho eutrófico
Bandeirantes,01/02,-23.11,-50.3678,420.0,30.07674528301887,18.870896226415095,24.238490566037736,73.13566037735849,2.350566037735849,21.33448113207547,4.693160377358491,2001.4245283018868,6.89622641509434,0.5996129716981132,9000.0,Norte,Nitossolo Vermelho eutrófico
Bandeirantes,02/03,-23.11,-50.3678,420.0,30.046179245283017,19.585990566037733,24.58853773584906,75.1152358490566,2.2524056603773586,20.241650943396223,5.208018867924528,2002.4245283018868,6.89622641509434,0.5130772798742138,9900.0,Norte,Nitossolo Vermelho eutrófico
Bandeirantes,03/04,-23.110000000000003,-50.3678,420.0,30.60676056338028,18.299483568075118,24.152629107981223,70.18356807511738,2.5887323943661973,21.57525821596244,3.751924882629108,2003.4272300469484,6.873239436619718,0.585323082942097,12000.0,Norte,Nitossolo Vermelho eutrófico
Bandeirantes,04/05,-23.11,-50.3678,420.0,30.374764150943395,18.7613679245283,24.352311320754715,71.7922641509434,2.4306603773584903,20.59985849056604,4.685188679245283,2004.4245283018868,6.89622641509434,0.5196599056603773,15500.0,Norte,Nitossolo Vermelho eutrófico
Bandeirantes,05/06,-23.11,-50.3678,420.0,29.60301886792453,19.090188679245284,24.073632075471696,76.04028301886792,2.423679245283019,19.969858490566036,4.784339622641509,2005.4245283018868,6.89622641509434,0.564530856918239,16300.0,Norte,Nitossolo Vermelho eutrófico
Bandeirantes,06/07,-23.11,-50.3678,420.0,29.719764150943398,19.45679245283019,24.407971698113208,75.30051886792452,2.335896226415094,20.34617924528302,5.532311320754717,2006.4245283018868,6.89622641509434,0.5284897405660377,14350.0,Norte,Nitossolo Vermelho eutrófico
Bandeirantes,07/08,-23.110000000000003,-50.3678,420.0,30.97356807511737,19.159530516431925,24.753145539906104,70.21234741784038,2.552535211267606,20.55924882629108,4.036854460093897,2007.4272300469484,6.873239436619718,0.5941483959311424,13400.0,Norte,Nitossolo Vermelho eutrófico
Bandeirantes,08/09,-23.11,-50.3678,420.0,29.893301886792454,18.676698113207546,24.037216981132076,73.23056603773584,2.411179245283019,20.770707547169813,4.52622641509434,2008.4245283018868,6.89622641509434,0.6222380896226416,13550.0,Norte,Nitossolo Vermelho eutrófico
Bandeirantes,09/10,-23.11,-50.3678,420.0,28.418066037735848,19.885518867924524,24.014150943396228,83.29132075471698,2.2662264150943394,18.95674528301887,7.001415094339622,2009.4245283018868,6.89622641509434,0.6318123034591195,13700.0,Norte,Nitossolo Vermelho eutrófico
Bandeirantes,10/11,-23.11,-50.3678,420.0,29.532028301886793,18.93292452830189,23.957358490566037,74.93122641509434,2.389103773584906,19.82792452830189,4.608867924528302,2010.4245283018868,6.89622641509434,0.5901764544025158,14140.0,Norte,Nitossolo Vermelho eutrófico
Bandeirantes,11/12,-23.110000000000003,-50.3678,420.0,31.572957746478874,18.53164319248826,24.76070422535211,66.09018779342722,2.4807042253521128,22.332910798122064,3.485868544600939,2011.4272300469484,6.873239436619718,0.5537732785602504,14500.0,Norte,Nitossolo Vermelho eutrófico
Bandeirantes,12/13,-23.11,-50.3678,420.0,31.184150943396226,19.569433962264153,25.085283018867923,70.62014150943396,2.4985849056603775,20.37264150943396,3.9414622641509434,2012.4245283018868,6.89622641509434,0.5832165094339623,15500.0,Norte,Nitossolo Vermelho eutrófico
Bandeirantes,13/14,-23.11,-50.3678,420.0,30.677169811320756,19.184575471698114,24.678396226415092,70.91882075471699,2.46127358490566,20.927971698113204,4.342122641509434,2013.4245283018868,6.89622641509434,0.5948975628930818,16190.0,Norte,Nitossolo Vermelho eutrófico
Bandeirantes,14/15,-23.11,-50.3678,420.0,30.176603773584905,19.624481132075474,24.647735849056602,74.17316037735849,2.2769339622641507,20.82268867924528,4.736084905660377,2014.4245283018868,6.89622641509434,0.5278598663522013,17480.0,Norte,Nitossolo Vermelho eutrófico
Bandeirantes,15/16,-23.110000000000003,-50.3678,420.0,28.828262910798124,20.126150234741782,24.29737089201878,82.17112676056338,2.1786854460093896,18.60924882629108,8.064647887323943,2015.4272300469484,6.873239436619718,0.6418773865414711,18160.0,Norte,Nitossolo Vermelho eutrófico
Bandeirantes,16/17,-23.11,-50.3678,420.0,29.094622641509435,18.90325471698113,23.767311320754718,76.90382075471699,2.2700943396226414,21.08254716981132,4.251367924528302,2016.4245283018868,6.89622641509434,0.6167745283018868,18200.0,Norte,Nitossolo Vermelho eutrófico
Bandeirantes,17/18,-23.11,-50.3678,420.0,29.790377358490566,19.37801886792453,24.31084905660377,76.33443396226414,2.369858490566038,20.064056603773583,5.679575471698113,2017.4245283018868,6.89622641509434,0.6045555817610063,18240.0,Norte,Nitossolo Vermelho eutrófico
Bandeirantes,18/19,-23.11,-50.3678,420.0,29.928632075471697,19.795235849056603,24.705047169811323,76.08264150943397,2.227311320754717,20.763584905660377,4.805471698113207,2018.4245283018868,6.89622641509434,0.6020564465408805,18250.0,Norte,Nitossolo Vermelho eutrófico
Bandeirantes,19/20,-23.110000000000003,-50.3678,420.0,32.26131455399061,19.810704225352115,25.73830985915493,67.6443661971831,2.48981220657277,21.045211267605634,3.9105633802816904,2019.4272300469484,6.873239436619718,0.5157978873239436,18250.0,Norte,Nitossolo Vermelho eutrófico
Bandeirantes,20/21,-23.11,-50.3678,420.0,32.27849056603774,19.837924528301887,25.75702830188679,67.04424528301887,2.24872641509434,21.289669811320753,3.2942924528301885,2020.4245283018868,6.89622641509434,0.5313320754716981,18320.0,Norte,Nitossolo Vermelho eutrófico
Bandeirantes,21/22,-23.11,-50.3678,420.0,32.03240566037736,19.555613207547168,25.50306603773585,67.17768867924528,2.352075471698113,21.243066037735847,4.047264150943396,2021.4245283018868,6.89622641509434,0.5722990566037736,18250.0,Norte,Nitossolo Vermelho eutrófico
Bandeirantes,22/23,-23.11,-50.3678,420.0,28.81117924528302,18.562075471698112,23.43872641509434,76.66915094339623,2.366981132075472,19.528160377358493,5.058537735849057,2022.4245283018868,6.89622641509434,0.5787314072327044,18800.0,Norte,Nitossolo Vermelho eutrófico
Bandeirantes,23/24,-23.110000000000003,-50.3678,420.0,34.32868544600939,21.322394366197184,27.490845070422537,63.473474178403755,2.374507042253521,20.766525821596247,3.136338028169014,2023.4272300469484,6.873239436619718,0.5562124804381847,18400.0,Norte,Nitossolo Vermelho eutrófico
Bandeirantes,24/25,-23.11,-50.3678,420.0,32.875163934426226,19.631147540983605,25.900901639344262,63.49819672131147,2.588360655737705,19.47622950819672,3.463934426229508,2024.0,10.508196721311476,0.48540102459016393,,,Nitossolo Vermelho eutrófico
Bandeirantes,99/00,-23.109999999999996,-50.367799999999995,420.0,29.346813186813186,19.98769230769231,24.535604395604395,78.79120879120879,2.193956043956044,20.27835164835165,6.383846153846155,2000.0,2.0,0.7202525000000001,7500.0,Norte,Nitossolo Vermelho eutrófico
Campina do Simão,00/01,-25.0789,-51.82690000000001,994.0,24.601650943396226,15.989811320754718,20.021415094339623,85.81580188679246,0.21117924528301887,18.85547169811321,7.329245283018868,2000.4245283018868,6.89622641509434,0.7750985849056603,3400.0,Sul,Latossolo Bruno distrófico
Campina do Simão,01/02,-25.0789,-51.82690000000001,994.0,24.39382075471698,15.291132075471698,19.572216981132076,83.92603773584905,0.2164622641509434,20.047830188679246,5.253820754716981,2001.4245283018868,6.89622641509434,0.8168908018867924,4300.0,Sul,Latossolo Bruno distrófico
Campina do Simão,02/03,-25.0789,-51.82690000000001,994.0,24.785613207547172,15.993584905660377,20.07632075471698,85.49622641509434,0.2119811320754717,18.70759433962264,6.804858490566037,2002.4245283018868,6.89622641509434,0.8136360455974843,4900.0,Sul,Latossolo Bruno distrófico
Campina do Simão,03/04,-25.0789,-51.82690000000001,994.0,25.245727699530516,14.66018779342723,19.65112676056338,77.78098591549295,0.2164319248826291,20.959248826291077,5.052676056338028,2003.4272300469484,6.873239436619718,0.7820721048513302,5600.0,Sul,Latossolo Bruno distrófico
Campina do Simão,04/05,-25.0789,-51.82690000000001,994.0,25.666462264150944,15.474481132075473,20.315235849056602,78.79476415094341,0.2215566037735849,20.03377358490566,4.45183962264151,2004.4245283018868,6.89622641509434,0.7733718160377359,6100.0,Sul,Latossolo Bruno distrófico
Campina do Simão,05/06,-25.0789,-51.82690000000001,994.0,25.117783018867925,15.61061320754717,20.099245283018867,81.72287735849056,0.2065566037735849,19.231792452830188,5.451415094339623,2005.4245283018868,6.89622641509434,0.7925842374213837,5900.0,Sul,Latossolo Bruno distrófico
Campina do Simão,06/07,-25.0789,-51.82690000000001,994.0,26.138160377358492,16.275943396226417,20.864056603773587,78.74608490566037,0.2259433962264151,19.43617924528302,5.097783018867925,2006.4245283018868,6.89622641509434,0.7990428852201259,6400.0,Sul,Latossolo Bruno distrófico
Campina do Simão,07/08,-25.0789,-51.82690000000001,994.0,26.560328638497655,15.829671361502346,20.834835680751173,75.11478873239437,0.21230046948356807,19.815399061032867,4.209530516431925,2007.4272300469484,6.873239436619718,0.7979735915492958,5800.0,Sul,Latossolo Bruno distrófico
Campina do Simão,08/09,-25.0789,-51.82690000000001,994.0,25.100801886792453,15.295471698113207,19.895613207547168,79.39537735849056,0.21410377358490568,19.765990566037736,4.255660377358491,2008.4245283018868,6.89622641509434,0.8163168632075473,5950.0,Sul,Latossolo Bruno distrófico
Campina do Simão,09/10,-25.0789,-51.82690000000001,994.0,24.79047169811321,16.950943396226414,20.61995283018868,87.38551886792453,0.2069811320754717,17.933537735849058,7.350518867924528,2009.4245283018868,6.89622641509434,0.8214428459119497,6620.0,Sul,Latossolo Bruno distrófico
Campina do Simão,10/11,-25.0789,-51.82690000000001,994.0,24.45117924528302,15.643254716981131,19.75551886792453,83.73801886792452,0.2079245283018868,18.50551886792453,5.342830188679246,2010.4245283018868,6.89622641509434,0.8419742924528302,6810.0,Sul,Latossolo Bruno distrófico
Campina do Simão,11/12,-25.0789,-51.82690000000001,994.0,26.230422535211268,14.927089201877934,20.209671361502348,74.36704225352113,0.197981220657277,21.14680751173709,3.146807511737089,2011.4272300469484,6.873239436619718,0.8369751564945227,6100.0,Sul,Latossolo Bruno distrófico
Campina do Simão,12/13,-25.0789,-51.82690000000001,994.0,26.598349056603777,16.22367924528302,21.023537735849054,76.36834905660378,0.21665094339622643,19.0511320754717,5.008254716981132,2012.4245283018868,6.89622641509434,0.8323206367924528,6300.0,Sul,Latossolo Bruno distrófico
Campina do Simão,13/14,-25.0789,-51.82690000000001,994.0,25.70570754716981,15.682028301886794,20.400377358490566,78.44811320754717,0.21575471698113208,20.11117924528302,3.856698113207547,2013.4245283018868,6.89622641509434,0.8270633254716981,7900.0,Sul,Latossolo Bruno distrófico
Campina do Simão,14/15,-25.0789,-51.82690000000001,994.0,25.70566037735849,16.60259433962264,20.798584905660377,81.05240566037736,0.21018867924528303,19.48702830188679,4.124716981132075,2014.4245283018868,6.89622641509434,0.7842634827044025,8400.0,Sul,Latossolo Bruno distrófico
Campina do Simão,15/16,-25.0789,-51.82690000000001,994.0,25.1343661971831,17.10150234741784,20.83718309859155,86.21859154929578,0.20704225352112676,17.28680751173709,6.117840375586854,2015.4272300469484,6.873239436619718,0.7367608763693271,8600.0,Sul,Latossolo Bruno distrófico
Campina do Simão,16/17,-25.0789,-51.82690000000001,994.0,24.630849056603772,15.566603773584905,19.809622641509435,83.43646226415093,0.21245283018867925,19.997028301886793,4.822311320754717,2016.4245283018868,6.89622641509434,0.8151795990566038,9700.0,Sul,Latossolo Bruno distrófico
Campina do Simão,17/18,-25.0789,-51.82690000000001,994.0,25.227311320754715,16.16188679245283,20.46174528301887,82.26014150943396,0.21372641509433962,18.89438679245283,6.727735849056604,2017.4245283018868,6.89622641509434,0.7482209512578616,10100.0,Sul,Latossolo Bruno distrófico
Campina do Simão,18/19,-25.0789,-51.82690000000001,994.0,25.966839622641512,16.658254716981133,20.999858490566037,81.22462264150943,0.21485849056603773,19.05377358490566,5.337735849056603,2018.4245283018868,6.89622641509434,0.7993310927672956,10550.0,Sul,Latossolo Bruno distrófico
Campina do Simão,19/20,-25.0789,-51.82690000000001,994.0,27.654929577464788,16.404272300469483,21.71807511737089,72.71244131455398,0.2091549295774648,20.21394366197183,3.9367605633802816,2019.4272300469484,6.873239436619718,0.7820888106416275,10820.0,Sul,Latossolo Bruno distrófico
Campina do Simão,20/21,-25.0789,-51.82690000000001,994.0,27.32,16.379716981132077,21.42490566037736,74.4766037735849,0.23084905660377358,19.774716981132073,3.6225,2020.4245283018868,6.89622641509434,0.8068147405660377,10920.0,Sul,Latossolo Bruno distrófico
Campina do Simão,21/22,-25.0789,-51.82690000000001,994.0,27.730330188679243,16.484622641509432,21.759764150943393,72.10716981132074,0.21726415094339624,20.16419811320755,4.154481132075472,2021.4245283018868,6.89622641509434,0.8359658411949686,11280.0,Sul,Latossolo Bruno distrófico
Campina do Simão,22/23,-25.0789,-51.82690000000001,994.0,24.18943396226415,15.288301886792452,19.454198113207546,83.17150943396227,0.2104245283018868,18.91556603773585,5.32438679245283,2022.4245283018868,6.89622641509434,0.8200674135220126,11720.0,Sul,Latossolo Bruno distrófico
Campina do Simão,23/24,-25.0789,-51.82690000000001,994.0,26.660281690140845,17.439765258215964,21.76680751173709,81.4380751173709,0.21455399061032865,18.632488262910798,5.807887323943661,2023.4272300469484,6.873239436619718,0.7975473004694836,12160.0,Sul,Latossolo Bruno distrófico
Campina do Simão,24/25,-25.0789,-51.8269,994.0,27.466311475409835,16.169590163934426,21.400000000000002,73.27918032786884,0.22139344262295083,18.388524590163936,4.729754098360655,2024.0,10.508196721311476,0.7936586065573771,,,Latossolo Bruno distrófico
Campina do Simão,99/00,-25.0789,-51.8269,994.0,26.241868131868134,16.962857142857143,21.276703296703296,81.47252747252747,0.2057142857142857,20.005164835164834,5.49989010989011,2000.0,2.0,0.8067508333333333,3300.0,Sul,Latossolo Bruno distrófico
Cruzeiro do Sul,00/01,-22.973200000000002,-52.153499999999994,456.0,30.401462264150943,19.544716981132073,24.502547169811322,75.77146226415094,1.213679245283019,20.99127358490566,5.149292452830189,2000.4245283018868,6.89622641509434,0.6139596698113208,600.0,Noroeste,Latossolo Vermelho distrófico
Cruzeiro do Sul,01/02,-22.973200000000002,-52.153499999999994,456.0,30.917311320754717,19.142783018867924,24.5311320754717,72.30768867924527,1.340566037735849,21.844764150943398,4.471084905660377,2001.4245283018868,6.89622641509434,0.6207669811320754,1600.0,Noroeste,Latossolo Vermelho distrófico
Cruzeiro do Sul,02/03,-22.973200000000002,-52.153499999999994,456.0,30.908301886792454,19.784103773584903,24.80377358490566,74.8667924528302,1.288679245283019,20.766603773584908,5.4056132075471695,2002.4245283018868,6.89622641509434,0.6665042059748427,2122.0,Noroeste,Latossolo Vermelho distrófico
Cruzeiro do Sul,03/04,-22.9732,-52.1535,456.0,31.614647887323944,18.617981220657278,24.547981220657277,68.68384976525822,1.4183098591549297,22.368826291079813,3.511361502347418,2003.4272300469484,6.873239436619718,0.6949015258215963,2240.0,Noroeste,Latossolo Vermelho distrófico
Cruzeiro do Sul,04/05,-22.973200000000002,-52.153499999999994,456.0,30.96608490566038,18.98235849056604,24.465849056603776,72.01334905660377,1.3521226415094338,21.476933962264148,4.763301886792453,2004.4245283018868,6.89622641509434,0.6853152122641509,2200.0,Noroeste,Latossolo Vermelho distrófico
Cruzeiro do Sul,05/06,-22.973200000000002,-52.153499999999994,456.0,30.183443396226416,19.254481132075473,24.243066037735847,75.73103773584906,1.3307075471698113,20.58009433962264,5.211367924528302,2005.4245283018868,6.89622641509434,0.5849921383647798,2132.0,Noroeste,Latossolo Vermelho distrófico
Cruzeiro do Sul,06/07,-22.973200000000002,-52.153499999999994,456.0,30.364622641509435,19.78198113207547,24.596037735849055,75.88740566037735,1.287688679245283,20.702594339622642,5.5670754716981135,2006.4245283018868,6.89622641509434,0.6248179245283019,2000.0,Noroeste,Latossolo Vermelho distrófico
Cruzeiro do Sul,07/08,-22.9732,-52.1535,456.0,31.293286384976525,19.373849765258218,24.805023474178405,70.52807511737089,1.4188262910798122,21.194600938967135,4.190469483568076,2007.4272300469484,6.873239436619718,0.5641670187793427,1920.0,Noroeste,Latossolo Vermelho distrófico
Cruzeiro do Sul,08/09,-22.973200000000002,-52.153499999999994,456.0,30.678254716981133,18.916886792452832,24.27985849056604,72.51287735849057,1.3546698113207547,21.604716981132075,4.3781603773584905,2008.4245283018868,6.89622641509434,0.5343489386792453,1920.0,Noroeste,Latossolo Vermelho distrófico
Cruzeiro do Sul,09/10,-22.973200000000002,-52.153499999999994,456.0,29.183443396226416,20.05075471698113,24.22056603773585,83.12797169811321,1.292877358490566,20.140518867924527,8.043962264150943,2009.4245283018868,6.89622641509434,0.6217212657232704,1843.0,Noroeste,Latossolo Vermelho distrófico
Cruzeiro do Sul,10/11,-22.973200000000002,-52.153499999999994,456.0,29.662311320754718,19.058349056603774,23.947311320754718,75.66985849056604,1.3343396226415094,20.130990566037738,6.142877358490566,2010.4245283018868,6.89622641509434,0.497840998427673,1939.0,Noroeste,Latossolo Vermelho distrófico
Cruzeiro do Sul,11/12,-22.9732,-52.1535,456.0,31.885352112676056,18.60638497652582,24.71943661971831,66.95774647887323,1.3974647887323945,23.19530516431925,3.6091079812206575,2011.4272300469484,6.873239436619718,0.5370619327073552,1939.0,Noroeste,Latossolo Vermelho distrófico
Cruzeiro do Sul,12/13,-22.973200000000002,-52.153499999999994,456.0,31.54830188679245,19.76377358490566,25.13259433962264,71.1895283018868,1.3670283018867924,21.386179245283017,4.544150943396226,2012.4245283018868,6.89622641509434,0.5362020047169811,2100.0,Noroeste,Latossolo Vermelho distrófico
Cruzeiro do Sul,13/14,-22.973200000000002,-52.153499999999994,456.0,30.86240566037736,19.244575471698113,24.577594339622642,72.11231132075471,1.4075,21.775188679245282,4.759952830188679,2013.4245283018868,6.89622641509434,0.41939241352201256,2200.0,Noroeste,Latossolo Vermelho distrófico
Cruzeiro do Sul,14/15,-22.973200000000002,-52.153499999999994,456.0,30.837169811320752,19.94377358490566,24.82311320754717,74.68891509433962,1.3085377358490566,21.55061320754717,4.8184905660377355,2014.4245283018868,6.89622641509434,0.5393625786163522,2400.0,Noroeste,Latossolo Vermelho distrófico
Cruzeiro do Sul,15/16,-22.9732,-52.1535,456.0,29.712816901408452,20.342723004694836,24.547793427230047,81.72042253521127,1.2518779342723003,19.24112676056338,8.09093896713615,2015.4272300469484,6.873239436619718,0.628022848200313,1950.0,Noroeste,Latossolo Vermelho distrófico
Cruzeiro do Sul,16/17,-22.973200000000002,-52.153499999999994,456.0,30.002028301886792,19.08372641509434,24.01816037735849,75.8079245283019,1.2843396226415094,21.5388679245283,4.108207547169812,2016.4245283018868,6.89622641509434,0.5305185141509434,2000.0,Noroeste,Latossolo Vermelho distrófico
Cruzeiro do Sul,17/18,-22.973200000000002,-52.153499999999994,456.0,30.30858490566038,19.592499999999998,24.397924528301886,76.69377358490566,1.3292924528301886,20.791933962264153,6.134764150943396,2017.4245283018868,6.89622641509434,0.5122716981132075,2500.0,Noroeste,Latossolo Vermelho distrófico
Cruzeiro do Sul,18/19,-22.973200000000002,-52.153499999999994,456.0,30.73235849056604,20.01816037735849,24.901084905660376,76.13716981132076,1.2558962264150944,21.202075471698112,4.915613207547169,2018.4245283018868,6.89622641509434,0.44194768081761004,3700.0,Noroeste,Latossolo Vermelho distrófico
Cruzeiro do Sul,19/20,-22.9732,-52.1535,456.0,32.75431924882629,20.08004694835681,25.875023474178406,68.14671361502347,1.3783098591549294,21.853661971830984,3.9112206572769956,2019.4272300469484,6.873239436619718,0.4848298513302034,4300.0,Noroeste,Latossolo Vermelho distrófico
Cruzeiro do Sul,20/21,-22.973200000000002,-52.153499999999994,456.0,32.752169811320755,19.983490566037737,25.8,67.40669811320754,1.2937735849056602,22.02330188679245,3.185,2020.4245283018868,6.89622641509434,0.3848567216981132,4500.0,Noroeste,Latossolo Vermelho distrófico
Cruzeiro do Sul,21/22,-22.973200000000002,-52.153499999999994,456.0,32.63891509433962,19.78735849056604,25.714150943396223,67.11235849056604,1.3268396226415096,22.045801886792454,4.020283018867924,2021.4245283018868,6.89622641509434,0.4932787342767296,4244.0,Noroeste,Latossolo Vermelho distrófico
Cruzeiro do Sul,22/23,-22.973200000000002,-52.153499999999994,456.0,29.470424528301884,18.76556603773585,23.645141509433966,76.7386320754717,1.3174056603773585,20.345235849056603,5.096179245283019,2022.4245283018868,6.89622641509434,0.5466770833333333,5404.0,Noroeste,Latossolo Vermelho distrófico
Cruzeiro do Sul,23/24,-22.9732,-52.1535,456.0,34.383004694835684,21.43615023474178,27.3418779342723,65.6143661971831,1.3317840375586856,21.30004694835681,3.3880281690140843,2023.4272300469484,6.873239436619718,0.5678497261345853,5938.0,Noroeste,Latossolo Vermelho distrófico
Cruzeiro do Sul,24/25,-22.9732,-52.1535,456.0,32.991557377049176,19.826639344262293,25.788032786885246,65.25754098360656,1.4732786885245903,20.44327868852459,3.868688524590164,2024.0,10.508196721311476,0.5114114754098361,,,Latossolo Vermelho distrófico
Cruzeiro do Sul,99/00,-22.973199999999995,-52.1535,456.0,30.770659340659343,20.373846153846152,25.105054945054945,77.08999999999999,1.1386813186813187,20.83,5.438131868131868,2000.0,2.0,0.7315141666666667,550.0,Noroeste,Latossolo Vermelho distrófico
Diamante do Norte,00/01,-22.6558,-52.86,352.0,31.35382075471698,20.47816037735849,25.551745283018867,76.2913679245283,1.1417924528301886,20.99127358490566,5.515000000000001,2000.4245283018868,6.89622641509434,0.576021462264151,,,Latossolo Vermelho distrófico
Diamante do Norte,01/02,-22.6558,-52.86,352.0,31.960283018867923,20.146603773584907,25.661273584905658,72.88594339622641,1.2228773584905661,21.844764150943398,4.412075471698113,2001.4245283018868,6.89622641509434,0.5665127358490566,,,Latossolo Vermelho distrófico
Diamante do Norte,02/03,-22.6558,-52.86,352.0,32.4736320754717,21.07806603773585,26.2963679245283,73.14117924528303,1.2573584905660378,20.766603773584908,5.034433962264151,2002.4245283018868,6.89622641509434,0.5556487421383648,,,Latossolo Vermelho distrófico
Diamante do Norte,03/04,-22.655800000000003,-52.86,352.0,32.64370892018779,19.84643192488263,25.800140845070423,68.82924882629108,1.2938028169014084,22.368826291079813,3.423990610328638,2003.4272300469484,6.873239436619718,0.5605198748043818,290.0,Noroeste,Latossolo Vermelho distrófico
Diamante do Norte,04/05,-22.6558,-52.86,352.0,31.45740566037736,19.89981132075472,25.26377358490566,74.20221698113208,1.2110377358490567,21.476933962264148,4.464764150943396,2004.4245283018868,6.89622641509434,0.5581893867924529,270.0,Noroeste,Latossolo Vermelho distrófico
Diamante do Norte,05/06,-22.6558,-52.86,352.0,31.436084905660376,20.358915094339622,25.46938679245283,75.06146226415095,1.2545754716981132,20.58009433962264,5.255801886792453,2005.4245283018868,6.89622641509434,0.6038842767295598,270.0,Noroeste,Latossolo Vermelho distrófico
Diamante do Norte,06/07,-22.6558,-52.86,352.0,31.184150943396226,20.911084905660374,25.63438679245283,76.56698113207547,1.1709905660377358,20.702594339622642,5.412735849056604,2006.4245283018868,6.89622641509434,0.625552712264151,,,Latossolo Vermelho distrófico
Diamante do Norte,07/08,-22.655800000000003,-52.86,352.0,32.732206572769954,20.59732394366197,26.153474178403755,69.8312676056338,1.3032394366197182,21.194600938967135,3.8345539906103285,2007.4272300469484,6.873239436619718,0.623510289514867,,,Latossolo Vermelho distrófico
Diamante do Norte,08/09,-22.6558,-52.86,352.0,32.47452830188679,20.298066037735847,25.871462264150942,70.30919811320754,1.2618396226415094,21.604716981132075,3.7785377358490564,2008.4245283018868,6.89622641509434,0.5645658018867925,,,Latossolo Vermelho distrófico
Diamante do Norte,09/10,-22.6558,-52.86,352.0,30.459669811320754,21.159433962264153,25.476462264150946,81.75811320754717,1.2175471698113207,20.140518867924527,7.329575471698114,2009.4245283018868,6.89622641509434,0.6471923742138365,,,Latossolo Vermelho distrófico
Diamante do Norte,10/11,-22.6558,-52.86,352.0,30.375849056603776,19.844245283018864,24.781179245283017,77.12580188679246,1.2212264150943395,20.130990566037738,6.45872641509434,2010.4245283018868,6.89622641509434,0.620528144654088,,,Latossolo Vermelho distrófico
Diamante do Norte,11/12,-22.655800000000003,-52.86,352.0,32.91150234741784,19.669342723004693,25.856995305164318,67.5956807511737,1.2544600938967136,23.19530516431925,3.2809859154929577,2011.4272300469484,6.873239436619718,0.5755826291079813,,,Latossolo Vermelho distrófico
Diamante do Norte,12/13,-22.6558,-52.86,352.0,32.88542452830189,20.953018867924527,26.464433962264152,70.53745283018868,1.2470283018867925,21.386179245283017,4.2777358490566035,2012.4245283018868,6.89622641509434,0.6485728773584905,116.0,Noroeste,Latossolo Vermelho distrófico
Diamante do Norte,13/14,-22.6558,-52.86,352.0,32.154622641509434,20.375943396226415,25.82316037735849,71.88778301886792,1.3030188679245283,21.775188679245282,4.203537735849056,2013.4245283018868,6.89622641509434,0.5771694182389937,210.0,Noroeste,Latossolo Vermelho distrófico
Diamante do Norte,14/15,-22.6558,-52.86,352.0,33.44113207547169,21.50070754716981,26.932169811320755,69.61391509433962,1.2511792452830188,21.55061320754717,3.136745283018868,2014.4245283018868,6.89622641509434,0.6450639150943396,350.0,Noroeste,Latossolo Vermelho distrófico
Diamante do Norte,15/16,-22.655800000000003,-52.86,352.0,31.827981220657275,21.53150234741784,26.192535211267607,77.4781220657277,1.2086384976525821,19.24112676056338,4.972582159624413,2015.4272300469484,6.873239436619718,0.5402131064162754,430.0,Noroeste,Latossolo Vermelho distrófico
Diamante do Norte,16/17,-22.6558,-52.86,352.0,32.16990566037736,20.356415094339624,25.70679245283019,71.92311320754717,1.2564622641509433,21.5388679245283,3.3382075471698114,2016.4245283018868,6.89622641509434,0.4969029481132075,714.0,Noroeste,Latossolo Vermelho distrófico
Diamante do Norte,17/18,-22.6558,-52.86,352.0,32.09014150943396,20.7986320754717,25.938349056603776,74.11287735849056,1.232075471698113,20.791933962264153,4.5241981132075475,2017.4245283018868,6.89622641509434,0.5737818789308176,1524.0,Noroeste,Latossolo Vermelho distrófico
Diamante do Norte,18/19,-22.6558,-52.86,352.0,32.41778301886792,21.171650943396227,26.384198113207546,73.92867924528302,1.1822641509433962,21.202075471698112,4.167594339622641,2018.4245283018868,6.89622641509434,0.5884318003144654,1887.0,Noroeste,Latossolo Vermelho distrófico
Diamante do Norte,19/20,-22.655800000000003,-52.86,352.0,34.0749765258216,21.5368544600939,27.3075117370892,66.92544600938967,1.2696244131455399,21.853661971830984,3.9276525821596247,2019.4272300469484,6.873239436619718,0.5786133411580595,3783.0,Noroeste,Latossolo Vermelho distrófico
Diamante do Norte,20/21,-22.6558,-52.86,352.0,34.48768867924529,21.242877358490563,27.274858490566036,65.52693396226415,1.2287735849056605,22.02330188679245,2.8591037735849056,2020.4245283018868,6.89622641509434,0.5703327830188679,3400.0,Noroeste,Latossolo Vermelho distrófico
Diamante do Norte,21/22,-22.6558,-52.86,352.0,34.68787735849057,21.365990566037738,27.54556603773585,63.04183962264151,1.3024056603773586,22.045801886792454,3.1677358490566037,2021.4245283018868,6.89622641509434,0.5003093160377359,3400.0,Noroeste,Latossolo Vermelho distrófico
Diamante do Norte,22/23,-22.6558,-52.86,352.0,31.59014150943396,19.997688679245282,25.289905660377357,73.11985849056603,1.2758490566037737,20.345235849056603,3.5242924528301884,2022.4245283018868,6.89622641509434,0.49360055031446537,3400.0,Noroeste,Latossolo Vermelho distrófico
Diamante do Norte,23/24,-22.655800000000003,-52.86,352.0,36.277276995305165,22.95600938967136,29.1324882629108,62.69713615023474,1.3129107981220656,21.30004694835681,2.775023474178404,2023.4272300469484,6.873239436619718,0.6271810250391235,3400.0,Noroeste,Latossolo Vermelho distrófico
Diamante do Norte,24/25,-22.6558,-52.86,352.0,34.96098360655738,21.298688524590165,27.509426229508197,62.53155737704918,1.3879508196721313,20.44327868852459,3.0766393442622952,2024.0,10.508196721311476,0.45827930327868854,,,Latossolo Vermelho distrófico
Diamante do Norte,99/00,-22.6558,-52.86,352.0,32.50879120879121,21.90857142857143,26.725604395604396,74.6978021978022,1.16,20.83,4.821868131868132,2000.0,2.0,0.6218433333333333,90.0,Noroeste,Latossolo Vermelho distrófico
Diamante do Sul,00/01,-25.0428,-52.68,620.0,26.29174528301887,17.47198113207547,21.66896226415094,85.07485849056603,0.056132075471698115,19.90207547169811,7.135754716981132,2000.4245283018868,6.89622641509434,0.7700735849056605,100.0,Sul,Neossolo Litólico eutrófico
Diamante do Sul,01/02,-25.0428,-52.68,620.0,26.35316037735849,16.752924528301886,21.308066037735852,82.67377358490566,0.039905660377358494,21.042735849056605,5.172169811320755,2001.4245283018868,6.89622641509434,0.7258617924528302,180.0,Sul,Neossolo Litólico eutrófico
Diamante do Sul,02/03,-25.0428,-52.68,620.0,26.425141509433963,17.562783018867925,21.731415094339624,85.1708962264151,0.039481132075471694,19.719669811320752,6.566650943396226,2002.4245283018868,6.89622641509434,0.7009276729559748,350.0,Sul,Neossolo Litólico eutrófico
Diamante do Sul,03/04,-25.0428,-52.68,620.0,27.957840375586855,16.374319248826293,21.84981220657277,73.7849295774648,0.033192488262910796,22.464647887323945,4.926948356807512,2003.4272300469484,6.873239436619718,0.6414377543035993,500.0,Sul,Neossolo Litólico eutrófico
Diamante do Sul,04/05,-25.0428,-52.68,620.0,27.720000000000002,17.13009433962264,22.169575471698113,76.99754716981131,0.04471698113207547,21.378490566037733,4.6344811320754715,2004.4245283018868,6.89622641509434,0.6752507075471699,800.0,Sul,Neossolo Litólico eutrófico
Diamante do Sul,05/06,-25.0428,-52.68,620.0,27.26990566037736,17.267452830188677,21.98183962264151,79.3052358490566,0.044056603773584904,20.384339622641512,5.273962264150943,2005.4245283018868,6.89622641509434,0.7084632075471697,2550.0,Sul,Neossolo Litólico eutrófico
Diamante do Sul,06/07,-25.0428,-52.68,620.0,28.566273584905662,18.09801886792453,22.975424528301886,75.63448113207548,0.04283018867924528,20.64929245283019,4.655990566037736,2006.4245283018868,6.89622641509434,0.7197851022012578,800.0,Sul,Neossolo Litólico eutrófico
Diamante do Sul,07/08,-25.0428,-52.68,620.0,29.29737089201878,17.666760563380283,23.138169014084507,70.28455399061033,0.029859154929577466,21.045680751173705,3.86169014084507,2007.4272300469484,6.873239436619718,0.6844467918622849,980.0,Sul,Neossolo Litólico eutrófico
Diamante do Sul,08/09,-25.0428,-52.68,620.0,27.693867924528302,17.107499999999998,22.085141509433964,75.3383962264151,0.04084905660377359,21.36943396226415,3.9004716981132073,2008.4245283018868,6.89622641509434,0.7011998820754717,1300.0,Sul,Neossolo Litólico eutrófico
Diamante do Sul,09/10,-25.0428,-52.68,620.0,26.311415094339626,18.421462264150943,22.196650943396225,87.07745283018868,0.036556603773584904,19.34797169811321,6.96372641509434,2009.4245283018868,6.89622641509434,0.7297183569182389,1910.0,Sul,Neossolo Litólico eutrófico
Diamante do Sul,10/11,-25.0428,-52.68,620.0,26.661745283018867,17.24382075471698,21.65495283018868,81.04235849056603,0.039198113207547174,19.870849056603774,5.826792452830189,2010.4245283018868,6.89622641509434,0.6992875000000001,1330.0,Sul,Neossolo Litólico eutrófico
Diamante do Sul,11/12,-25.0428,-52.68,620.0,29.12098591549296,16.784600938967134,22.62286384976526,68.73488262910799,0.02413145539906103,22.461220657276993,2.454694835680751,2011.4272300469484,6.873239436619718,0.6642798513302034,1100.0,Sul,Neossolo Litólico eutrófico
Diamante do Sul,12/13,-25.0428,-52.68,620.0,29.351603773584905,18.181415094339624,23.38632075471698,71.5479716981132,0.030613207547169813,20.466745283018867,4.3633962264150945,2012.4245283018868,6.89622641509434,0.7145942216981133,1050.0,Sul,Neossolo Litólico eutrófico
Diamante do Sul,13/14,-25.0428,-52.68,620.0,28.37108490566038,17.50495283018868,22.605188679245284,74.07452830188679,0.02641509433962264,21.122405660377357,3.519528301886792,2013.4245283018868,6.89622641509434,0.6815278301886792,1270.0,Sul,Neossolo Litólico eutrófico
Diamante do Sul,14/15,-25.0428,-52.68,620.0,28.223160377358493,18.42627358490566,22.960377358490568,77.52816037735849,0.02976415094339623,20.635849056603774,3.524481132075472,2014.4245283018868,6.89622641509434,0.7181783018867925,2000.0,Sul,Neossolo Litólico eutrófico
Diamante do Sul,15/16,-25.0428,-52.68,620.0,26.831643192488265,18.690516431924884,22.491032863849767,85.41389671361502,0.03394366197183099,18.11868544600939,6.304741784037559,2015.4272300469484,6.873239436619718,0.7489917840375586,1700.0,Sul,Neossolo Litólico eutrófico
Diamante do Sul,16/17,-25.0428,-52.68,620.0,26.212452830188678,16.9975,21.42070754716981,82.69250000000001,0.05084905660377358,21.18797169811321,5.204433962264151,2016.4245283018868,6.89622641509434,0.7337385613207547,1600.0,Sul,Neossolo Litólico eutrófico
Diamante do Sul,17/18,-25.0428,-52.68,620.0,27.083396226415097,17.729858490566038,22.21235849056604,81.26433962264151,0.044622641509433965,20.03108490566038,7.166132075471698,2017.4245283018868,6.89622641509434,0.7314634827044025,1700.0,Sul,Neossolo Litólico eutrófico
Diamante do Sul,18/19,-25.0428,-52.68,620.0,27.44306603773585,18.178443396226413,22.546273584905663,81.63783018867925,0.0494811320754717,20.094245283018864,5.760754716981132,2018.4245283018868,6.89622641509434,0.7473272012578617,1600.0,Sul,Neossolo Litólico eutrófico
Diamante do Sul,19/20,-25.0428,-52.68,620.0,29.92737089201878,18.260892018779344,23.719765258215965,70.07107981220658,0.03732394366197183,21.269436619718313,3.9530985915492955,2019.4272300469484,6.873239436619718,0.7199190532081378,1900.0,Sul,Neossolo Litólico eutrófico
Diamante do Sul,20/21,-25.0428,-52.68,620.0,29.034433962264153,18.011933962264152,23.162594339622643,73.66259433962264,0.06311320754716981,20.89297169811321,4.218301886792453,2020.4245283018868,6.89622641509434,0.7072728773584905,2000.0,Sul,Neossolo Litólico eutrófico
Diamante do Sul,21/22,-25.0428,-52.68,620.0,30.002169811320755,18.227641509433962,23.804198113207548,69.29787735849057,0.04117924528301887,21.66740566037736,4.290424528301887,2021.4245283018868,6.89622641509434,0.7181916273584906,2600.0,Sul,Neossolo Litólico eutrófico
Diamante do Sul,22/23,-25.0428,-52.68,620.0,25.84424528301887,16.699009433962264,21.07547169811321,82.6127358490566,0.047924528301886794,20.297924528301888,6.2559433962264155,2022.4245283018868,6.89622641509434,0.7511625786163522,2705.0,Sul,Neossolo Litólico eutrófico
Diamante do Sul,23/24,-25.0428,-52.68,620.0,29.017276995305167,19.138544600938967,23.77413145539906,78.43272300469485,0.0284037558685446,19.689718309859153,5.823474178403757,2023.4272300469484,6.873239436619718,0.7655339593114242,3005.0,Sul,Neossolo Litólico eutrófico
Diamante do Sul,24/25,-25.0428,-52.68,620.0,29.420245901639344,17.81622950819672,23.217704918032787,71.71991803278688,0.03229508196721311,19.48893442622951,5.189098360655738,2024.0,10.508196721311476,0.753968237704918,,,Neossolo Litólico eutrófico
Diamante do Sul,99/00,-25.0428,-52.68,620.0,28.017582417582418,18.61021978021978,23.04945054945055,80.7310989010989,0.054945054945054944,21.715494505494505,6.203626373626373,2000.0,2.0,0.8414499999999999,96.0,Sul,Neossolo Litólico eutrófico
Francisco Alves,00/01,-24.0658,-53.8478,323.0,30.00070754716981,19.57556603773585,24.466603773584907,79.1681603773585,0.995754716981132,20.370754716981132,6.068018867924529,2000.4245283018868,6.89622641509434,0.604916037735849,3910.0,Noroeste,Argissolo Vermelho distrófico
Francisco Alves,01/02,-24.0658,-53.8478,323.0,31.30514150943396,19.20933962264151,24.81575471698113,72.92981132075472,1.0944811320754717,21.54679245283019,4.232971698113207,2001.4245283018868,6.89622641509434,0.6108544811320754,5000.0,Noroeste,Argissolo Vermelho distrófico
Francisco Alves,02/03,-24.0658,-53.8478,323.0,30.97806603773585,19.986509433962265,25.0125,76.99452830188679,1.079245283018868,20.32358490566038,5.25933962264151,2002.4245283018868,6.89622641509434,0.68413518081761,9000.0,Noroeste,Argissolo Vermelho distrófico
Francisco Alves,03/04,-24.0658,-53.84779999999999,323.0,31.959718309859156,18.81492957746479,24.966854460093895,68.80305164319249,1.1022535211267606,22.64370892018779,4.389248826291079,2003.4272300469484,6.873239436619718,0.4749214006259781,15000.0,Noroeste,Argissolo Vermelho distrófico
Francisco Alves,04/05,-24.0658,-53.8478,323.0,31.59797169811321,19.285707547169814,25.036839622641512,71.7438679245283,1.0798584905660378,21.360660377358492,3.826556603773585,2004.4245283018868,6.89622641509434,0.5426360849056604,16000.0,Noroeste,Argissolo Vermelho distrófico
Francisco Alves,05/06,-24.0658,-53.8478,323.0,30.767122641509435,19.41306603773585,24.665849056603772,75.03891509433963,1.0504245283018867,20.600849056603774,5.274952830188679,2005.4245283018868,6.89622641509434,0.5899624606918239,15300.0,Noroeste,Argissolo Vermelho distrófico
Francisco Alves,06/07,-24.0658,-53.8478,323.0,30.715660377358493,20.178301886792454,25.066320754716983,76.7036320754717,1.0273584905660378,20.199198113207544,5.395235849056603,2006.4245283018868,6.89622641509434,0.5110565251572328,14077.0,Noroeste,Argissolo Vermelho distrófico
Francisco Alves,07/08,-24.0658,-53.84779999999999,323.0,32.62765258215962,19.864929577464785,25.778920187793428,67.63192488262911,1.1208450704225352,21.112112676056338,3.7983568075117375,2007.4272300469484,6.873239436619718,0.5433028560250391,13507.0,Noroeste,Argissolo Vermelho distrófico
Francisco Alves,08/09,-24.0658,-53.8478,323.0,31.292169811320754,19.202075471698112,24.807735849056602,71.90679245283019,1.0327830188679246,21.808396226415095,3.870943396226415,2008.4245283018868,6.89622641509434,0.5349259433962265,13890.0,Noroeste,Argissolo Vermelho distrófico
Francisco Alves,09/10,-24.0658,-53.8478,323.0,30.022735849056602,20.542735849056605,24.914528301886794,81.67221698113207,1.0616509433962265,19.61169811320755,5.857971698113208,2009.4245283018868,6.89622641509434,0.5867770047169811,13820.0,Noroeste,Argissolo Vermelho distrófico
Francisco Alves,10/11,-24.0658,-53.8478,323.0,30.11202830188679,19.26254716981132,24.30382075471698,76.43830188679246,1.0631603773584906,19.934622641509435,5.541650943396226,2010.4245283018868,6.89622641509434,0.5469606525157232,13730.0,Noroeste,Argissolo Vermelho distrófico
Francisco Alves,11/12,-24.0658,-53.84779999999999,323.0,31.90014084507042,18.725962441314554,24.929906103286385,67.91272300469484,1.1038028169014085,22.70417840375587,3.511971830985915,2011.4272300469484,6.873239436619718,0.4906190532081377,14350.0,Noroeste,Argissolo Vermelho distrófico
Francisco Alves,12/13,-24.0658,-53.8478,323.0,32.72669811320755,20.44495283018868,26.053962264150943,68.68683962264151,1.121745283018868,21.032688679245286,3.9262264150943396,2012.4245283018868,6.89622641509434,0.5732080188679245,15485.0,Noroeste,Argissolo Vermelho distrófico
Francisco Alves,13/14,-24.0658,-53.8478,323.0,31.43551886792453,19.569339622641508,25.006415094339623,73.15316037735849,1.1585849056603774,21.506886792452832,4.157028301886792,2013.4245283018868,6.89622641509434,0.5779581761006289,16250.0,Noroeste,Argissolo Vermelho distrófico
Francisco Alves,14/15,-24.0658,-53.8478,323.0,32.04891509433962,20.637216981132077,25.804386792452828,73.33212264150943,1.0852358490566036,20.91198113207547,3.543443396226415,2014.4245283018868,6.89622641509434,0.5921421383647798,16860.0,Noroeste,Argissolo Vermelho distrófico
Francisco Alves,15/16,-24.0658,-53.84779999999999,323.0,30.172394366197185,20.6081220657277,24.96718309859155,81.59178403755868,1.0292018779342722,18.35863849765258,6.843990610328638,2015.4272300469484,6.873239436619718,0.6211025821596244,17080.0,Noroeste,Argissolo Vermelho distrófico
Francisco Alves,16/17,-24.0658,-53.8478,323.0,29.91311320754717,18.915707547169813,24.05457547169811,77.95603773584905,1.046556603773585,21.54995283018868,4.7025943396226415,2016.4245283018868,6.89622641509434,0.562852358490566,17250.0,Noroeste,Argissolo Vermelho distrófico
Francisco Alves,17/18,-24.0658,-53.8478,323.0,30.696650943396225,19.753490566037733,24.813490566037736,77.31235849056604,1.0664622641509434,20.12198113207547,6.390141509433962,2017.4245283018868,6.89622641509434,0.5492490959119497,18400.0,Noroeste,Argissolo Vermelho distrófico
Francisco Alves,18/19,-24.0658,-53.8478,323.0,31.078584905660378,20.226556603773584,25.26297169811321,76.61325471698113,1.035943396226415,20.210754716981132,5.368537735849057,2018.4245283018868,6.89622641509434,0.600344929245283,18600.0,Noroeste,Argissolo Vermelho distrófico
Francisco Alves,19/20,-24.0658,-53.84779999999999,323.0,33.487793427230045,20.60638497652582,26.565727699530516,66.54460093896714,1.0902347417840375,21.4881220657277,3.9537089201877933,2019.4272300469484,6.873239436619718,0.5560868544600939,19000.0,Noroeste,Argissolo Vermelho distrófico
Francisco Alves,20/21,-24.0658,-53.8478,323.0,32.346556603773585,20.112641509433963,25.737971698113206,70.7929716981132,1.0095754716981131,21.035896226415094,4.805047169811321,2020.4245283018868,6.89622641509434,0.5518718160377358,19000.0,Noroeste,Argissolo Vermelho distrófico
Francisco Alves,21/22,-24.0658,-53.8478,323.0,33.615801886792454,20.542169811320754,26.630990566037738,64.6775,1.0975,21.992311320754716,4.5318867924528305,2021.4245283018868,6.89622641509434,0.4400043238993711,19000.0,Noroeste,Argissolo Vermelho distrófico
Francisco Alves,22/23,-24.0658,-53.8478,323.0,29.110896226415097,18.684103773584905,23.556509433962262,79.45084905660379,1.0358018867924528,20.407500000000002,6.727452830188679,2022.4245283018868,6.89622641509434,0.5386211084905661,19750.0,Noroeste,Argissolo Vermelho distrófico
Francisco Alves,23/24,-24.0658,-53.84779999999999,323.0,33.40943661971831,21.426854460093896,26.970610328638497,71.59122065727699,1.092112676056338,20.19093896713615,4.482863849765258,2023.4272300469484,6.873239436619718,0.48801467136150234,19080.0,Noroeste,Argissolo Vermelho distrófico
Francisco Alves,24/25,-24.0658,-53.8478,323.0,33.04811475409836,20.00795081967213,25.984426229508195,67.03754098360656,1.197704918032787,19.70245901639344,4.980327868852459,2024.0,10.508196721311476,0.6481631147540983,,,Argissolo Vermelho distrófico
Francisco Alves,99/00,-24.0658,-53.8478,323.0,32.527252747252746,21.38879120879121,26.485604395604398,73.1456043956044,0.95010989010989,22.288241758241757,5.137582417582418,2000.0,2.0,0.753335,4000.0,Noroeste,Argissolo Vermelho distrófico
Imbaú,00/01,-24.445,-50.7608,940.0,25.992924528301888,16.769150943396227,21.069103773584903,83.37429245283018,0.14867924528301887,19.915424528301884,6.336367924528302,2000.4245283018868,6.89622641509434,0.7685525943396225,1100.0,Sul,Cambissolo Háplico distrófico
Imbaú,01/02,-24.445,-50.7608,940.0,26.27358490566038,16.16575471698113,20.915896226415093,79.46353773584906,0.14783018867924527,20.632830188679243,4.880518867924529,2001.4245283018868,6.89622641509434,0.7776908018867925,1300.0,Sul,Cambissolo Háplico distrófico
Imbaú,02/03,-24.445,-50.7608,940.0,26.851037735849058,16.888490566037735,21.53825471698113,79.93127358490567,0.14971698113207546,19.522169811320754,5.525707547169811,2002.4245283018868,6.89622641509434,0.7656020440251573,1500.0,Sul,Cambissolo Háplico distrófico
Imbaú,03/04,-24.445,-50.7608,940.0,27.14150234741784,15.580093896713615,21.03924882629108,73.60511737089202,0.15164319248826288,21.042957746478873,4.724835680751173,2003.4272300469484,6.873239436619718,0.7085167057902974,1500.0,Sul,Cambissolo Háplico distrófico
Imbaú,04/05,-24.445,-50.7608,940.0,27.440801886792453,16.285943396226415,21.614716981132073,74.08882075471698,0.15580188679245283,20.030094339622643,3.802311320754717,2004.4245283018868,6.89622641509434,0.7978117924528302,1750.0,Sul,Cambissolo Háplico distrófico
Imbaú,05/06,-24.445,-50.7608,940.0,26.657358490566036,16.407924528301887,21.223537735849057,78.98216981132076,0.14089622641509433,19.42731132075472,4.80811320754717,2005.4245283018868,6.89622641509434,0.7783666273584905,1300.0,Sul,Cambissolo Háplico distrófico
Imbaú,06/07,-24.445,-50.7608,940.0,27.080330188679245,16.876367924528303,21.66504716981132,77.4958962264151,0.15462264150943397,19.580377358490566,5.172783018867924,2006.4245283018868,6.89622641509434,0.7641810534591195,2000.0,Sul,Cambissolo Háplico distrófico
Imbaú,07/08,-24.445,-50.7608,940.0,27.763708920187792,16.569718309859155,21.85164319248826,73.21882629107982,0.15276995305164318,19.970516431924885,4.25075117370892,2007.4272300469484,6.873239436619718,0.7975985915492958,1800.0,Sul,Cambissolo Háplico distrófico
Imbaú,08/09,-24.445,-50.7608,940.0,26.75792452830189,16.076650943396228,21.102735849056604,75.9533962264151,0.14599056603773586,20.086320754716983,4.144056603773585,2008.4245283018868,6.89622641509434,0.7773829009433962,1800.0,Sul,Cambissolo Háplico distrófico
Imbaú,09/10,-24.445,-50.7608,940.0,25.603207547169813,17.52047169811321,21.325707547169813,87.22283018867925,0.14533018867924527,18.118443396226414,7.2341509433962266,2009.4245283018868,6.89622641509434,0.83406643081761,2000.0,Sul,Cambissolo Háplico distrófico
Imbaú,10/11,-24.445,-50.7608,940.0,25.589056603773585,16.216132075471698,20.57938679245283,82.40877358490566,0.1379245283018868,18.828301886792453,4.958537735849057,2010.4245283018868,6.89622641509434,0.8457860062893082,2350.0,Sul,Cambissolo Háplico distrófico
Imbaú,11/12,-24.445,-50.7608,940.0,26.709906103286386,15.494413145539905,20.779530516431926,74.96211267605634,0.14234741784037558,21.61018779342723,3.918544600938967,2011.4272300469484,6.873239436619718,0.8588942488262912,2300.0,Sul,Cambissolo Háplico distrófico
Imbaú,12/13,-24.445,-50.7608,940.0,27.592028301886792,16.852358490566036,21.853443396226417,75.21660377358491,0.14735849056603775,19.41391509433962,4.540518867924528,2012.4245283018868,6.89622641509434,0.863975,2450.0,Sul,Cambissolo Háplico distrófico
Imbaú,13/14,-24.445,-50.7608,940.0,26.54259433962264,16.315990566037737,21.209056603773583,77.67481132075473,0.1529245283018868,20.326933962264153,4.378632075471698,2013.4245283018868,6.89622641509434,0.8525421383647799,2080.0,Sul,Cambissolo Háplico distrófico
Imbaú,14/15,-24.445,-50.7608,940.0,26.47051886792453,16.99377358490566,21.39981132075472,80.10089622641509,0.15089622641509434,20.047924528301888,4.874009433962264,2014.4245283018868,6.89622641509434,0.8646217374213837,2220.0,Sul,Cambissolo Háplico distrófico
Imbaú,15/16,-24.445,-50.7608,940.0,25.8775117370892,17.593286384976526,21.478169014084507,86.2131924882629,0.14051643192488264,17.92014084507042,6.527370892018779,2015.4272300469484,6.873239436619718,0.8505631455399061,2225.0,Sul,Cambissolo Háplico distrófico
Imbaú,16/17,-24.445,-50.7608,940.0,26.124150943396224,16.3675,20.96061320754717,80.53240566037735,0.1516981132075472,20.199009433962264,3.9726415094339624,2016.4245283018868,6.89622641509434,0.8648320754716982,2055.0,Sul,Cambissolo Háplico distrófico
Imbaú,17/18,-24.445,-50.7608,940.0,26.325,16.84316037735849,21.3163679245283,81.11127358490566,0.14466981132075474,19.11608490566038,6.328066037735849,2017.4245283018868,6.89622641509434,0.8615115959119497,2270.0,Sul,Cambissolo Háplico distrófico
Imbaú,18/19,-24.445,-50.7608,940.0,27.970943396226417,17.428962264150943,22.37933962264151,75.68603773584906,0.1456132075471698,19.718679245283017,4.568254716981132,2018.4245283018868,6.89622641509434,0.8589589229559748,3280.0,Sul,Cambissolo Háplico distrófico
Imbaú,19/20,-24.445,-50.7608,940.0,29.333427230046947,17.23323943661972,22.91338028169014,69.06774647887325,0.14,20.4468544600939,3.52906103286385,2019.4272300469484,6.873239436619718,0.8566861502347418,3050.0,Sul,Cambissolo Háplico distrófico
Imbaú,20/21,-24.445,-50.7608,940.0,28.99103773584906,17.20627358490566,22.69424528301887,70.55830188679245,0.16264150943396227,20.432594339622643,3.3655188679245285,2020.4245283018868,6.89622641509434,0.8187533018867924,3050.0,Sul,Cambissolo Háplico distrófico
Imbaú,21/22,-24.445,-50.7608,940.0,28.734858490566037,17.067971698113208,22.555566037735847,70.81504716981132,0.14891509433962263,20.3975,4.316509433962264,2021.4245283018868,6.89622641509434,0.8459988993710692,2750.0,Sul,Cambissolo Háplico distrófico
Imbaú,22/23,-24.445,-50.7608,940.0,26.028443396226415,15.983301886792454,20.687783018867925,79.00462264150943,0.1414622641509434,18.832405660377358,4.4335849056603776,2022.4245283018868,6.89622641509434,0.8323801493710692,2850.0,Sul,Cambissolo Háplico distrófico
Imbaú,23/24,-24.445,-50.7608,940.0,28.90450704225352,18.21568075117371,23.223896713615023,74.65910798122066,0.14938967136150236,19.60244131455399,4.413661971830986,2023.4272300469484,6.873239436619718,0.8640913536776212,2850.0,Sul,Cambissolo Háplico distrófico
Imbaú,24/25,-24.445,-50.7608,940.0,29.35254098360656,17.101967213114754,22.834918032786888,67.73549180327869,0.1569672131147541,18.67016393442623,4.290655737704919,2024.0,10.508196721311476,0.8435112704918033,,,Cambissolo Háplico distrófico
Imbaú,99/00,-24.445,-50.76080000000001,940.0,27.458681318681315,17.649780219780222,22.195604395604395,79.34241758241758,0.13780219780219782,19.725164835164836,5.912857142857144,2000.0,2.0,0.8025366666666667,1300.0,Sul,Cambissolo Háplico distrófico
Lindoeste,00/01,-25.2601,-53.5737,585.0,28.13443396226415,18.57674528301887,23.15358490566038,81.6436320754717,0.1742452830188679,20.15985849056604,6.378301886792453,2000.4245283018868,6.89622641509434,0.6925825471698113,2000.0,Oeste,Nitossolo Vermelho eutrófico
Lindoeste,01/02,-25.2601,-53.5737,585.0,29.298160377358492,18.27183962264151,23.51933962264151,75.08433962264151,0.16924528301886793,21.133820754716982,4.626179245283019,2001.4245283018868,6.89622641509434,0.6974186320754716,3000.0,Oeste,Nitossolo Vermelho eutrófico
Lindoeste,02/03,-25.2601,-53.5737,585.0,27.61433962264151,18.718349056603774,22.96547169811321,84.08457547169812,0.16202830188679246,19.67990566037736,6.960660377358491,2002.4245283018868,6.89622641509434,0.6694066823899372,3000.0,Oeste,Nitossolo Vermelho eutrófico
Lindoeste,03/04,-25.2601,-53.573699999999995,585.0,29.895962441314555,17.70600938967136,23.52431924882629,70.81849765258217,0.17657276995305163,22.41638497652582,5.098591549295775,2003.4272300469484,6.873239436619718,0.66200465571205,2000.0,Oeste,Nitossolo Vermelho eutrófico
Lindoeste,04/05,-25.2601,-53.5737,585.0,30.275471698113204,18.515849056603773,24.120424528301886,71.30783018867925,0.1719811320754717,21.41193396226415,3.773820754716981,2004.4245283018868,6.89622641509434,0.6277199292452831,3410.0,Oeste,Nitossolo Vermelho eutrófico
Lindoeste,05/06,-25.2601,-53.5737,585.0,29.194433962264153,18.30004716981132,23.491462264150943,74.89334905660377,0.16999999999999998,20.625235849056605,4.686933962264151,2005.4245283018868,6.89622641509434,0.6464042059748427,3650.0,Oeste,Nitossolo Vermelho eutrófico
Lindoeste,06/07,-25.2601,-53.5737,585.0,30.144009433962264,19.279811320754717,24.4375,73.79957547169812,0.1770754716981132,20.624056603773585,4.771037735849057,2006.4245283018868,6.89622641509434,0.6751316823899371,5800.0,Oeste,Nitossolo Vermelho eutrófico
Lindoeste,07/08,-25.2601,-53.573699999999995,585.0,31.453051643192488,18.89169014084507,24.83150234741784,66.8918309859155,0.17220657276995305,20.933661971830986,3.3542253521126764,2007.4272300469484,6.873239436619718,0.6640929577464788,5825.0,Oeste,Nitossolo Vermelho eutrófico
Lindoeste,08/09,-25.2601,-53.5737,585.0,30.16627358490566,18.387830188679246,23.96,70.13235849056603,0.17254716981132073,21.554103773584906,3.4552358490566037,2008.4245283018868,6.89622641509434,0.622463325471698,5800.0,Oeste,Nitossolo Vermelho eutrófico
Lindoeste,09/10,-25.2601,-53.5737,585.0,27.789764150943398,19.48731132075472,23.486556603773582,84.90816037735848,0.16834905660377358,19.33929245283019,7.005330188679245,2009.4245283018868,6.89622641509434,0.671899567610063,6400.0,Oeste,Nitossolo Vermelho eutrófico
Lindoeste,10/11,-25.2601,-53.5737,585.0,28.362924528301885,18.241179245283018,23.03891509433962,77.93457547169812,0.1733490566037736,20.022311320754714,6.110801886792453,2010.4245283018868,6.89622641509434,0.6584744889937106,6300.0,Oeste,Nitossolo Vermelho eutrófico
Lindoeste,11/12,-25.2601,-53.573699999999995,585.0,30.4949765258216,18.005774647887325,23.949295774647887,67.36159624413146,0.1771830985915493,22.59530516431925,3.5276525821596243,2011.4272300469484,6.873239436619718,0.6334297339593115,6260.0,Oeste,Nitossolo Vermelho eutrófico
Lindoeste,12/13,-25.2601,-53.5737,585.0,31.024622641509435,19.323773584905663,24.83174528301887,69.20882075471698,0.1803301886792453,20.546462264150946,3.904716981132075,2012.4245283018868,6.89622641509434,0.6651830188679245,6300.0,Oeste,Nitossolo Vermelho eutrófico
Lindoeste,13/14,-25.2601,-53.5737,585.0,29.778066037735847,18.75509433962264,23.961367924528304,73.24693396226415,0.17311320754716983,21.06495283018868,4.528867924528302,2013.4245283018868,6.89622641509434,0.6359079402515723,12550.0,Oeste,Nitossolo Vermelho eutrófico
Lindoeste,14/15,-25.2601,-53.5737,585.0,29.66943396226415,19.639716981132075,24.387358490566037,76.49528301886792,0.16551886792452833,20.402358490566037,4.155801886792453,2014.4245283018868,6.89622641509434,0.6251463050314465,13012.0,Oeste,Nitossolo Vermelho eutrófico
Lindoeste,15/16,-25.2601,-53.573699999999995,585.0,28.557323943661974,19.84431924882629,23.925023474178403,81.95976525821597,0.1731455399061033,17.907276995305164,6.433990610328639,2015.4272300469484,6.873239436619718,0.6520710876369327,13260.0,Oeste,Nitossolo Vermelho eutrófico
Lindoeste,16/17,-25.2601,-53.5737,585.0,28.528867924528303,18.142971698113207,23.113537735849054,77.22995283018868,0.17641509433962263,21.163679245283017,4.869433962264151,2016.4245283018868,6.89622641509434,0.6727192216981133,12920.0,Oeste,Nitossolo Vermelho eutrófico
Lindoeste,17/18,-25.2601,-53.5737,585.0,28.710896226415095,18.869669811320755,23.606320754716982,79.03462264150943,0.18216981132075472,20.05377358490566,7.815094339622641,2017.4245283018868,6.89622641509434,0.6470487028301888,13070.0,Oeste,Nitossolo Vermelho eutrófico
Lindoeste,18/19,-25.2601,-53.5737,585.0,29.256367924528302,19.21745283018868,23.980943396226415,77.88990566037735,0.1779245283018868,19.986084905660377,5.527405660377358,2018.4245283018868,6.89622641509434,0.7029241352201258,9000.0,Oeste,Nitossolo Vermelho eutrófico
Lindoeste,19/20,-25.2601,-53.573699999999995,585.0,31.784741784037557,19.397136150234743,25.23408450704225,67.22478873239436,0.18309859154929578,21.198450704225355,3.990422535211268,2019.4272300469484,6.873239436619718,0.6676068857589984,8020.0,Oeste,Nitossolo Vermelho eutrófico
Lindoeste,20/21,-25.2601,-53.5737,585.0,31.317971698113208,19.21816037735849,24.864528301886793,68.6627358490566,0.19216981132075472,20.98188679245283,3.7394811320754715,2020.4245283018868,6.89622641509434,0.6615911556603774,10500.0,Oeste,Nitossolo Vermelho eutrófico
Lindoeste,21/22,-25.2601,-53.5737,585.0,31.70952830188679,19.40061320754717,25.275000000000002,66.3311320754717,0.18849056603773584,21.924292452830187,4.410566037735849,2021.4245283018868,6.89622641509434,0.6254785770440252,10815.0,Oeste,Nitossolo Vermelho eutrófico
Lindoeste,22/23,-25.2601,-53.5737,585.0,27.767169811320755,17.675566037735848,22.547877358490563,78.70764150943397,0.18018867924528303,20.757311320754717,5.941556603773584,2022.4245283018868,6.89622641509434,0.6512868710691824,11605.0,Oeste,Nitossolo Vermelho eutrófico
Lindoeste,23/24,-25.2601,-53.573699999999995,585.0,30.70746478873239,20.487605633802815,25.29281690140845,76.60793427230047,0.16140845070422535,19.77755868544601,5.823004694835681,2023.4272300469484,6.873239436619718,0.6663555555555555,11450.0,Oeste,Nitossolo Vermelho eutrófico
Lindoeste,24/25,-25.2601,-53.5737,585.0,30.500901639344264,18.79549180327869,24.297622950819672,70.82877049180328,0.18114754098360658,19.59934426229508,4.442377049180328,2024.0,10.508196721311476,0.665416393442623,,,Nitossolo Vermelho eutrófico
Lindoeste,99/00,-25.2601,-53.57370000000001,585.0,31.013956043956043,20.366593406593406,25.381318681318678,73.86747252747253,0.16593406593406593,22.066153846153846,5.239120879120879,2000.0,2.0,0.7184174999999999,3150.0,Oeste,Nitossolo Vermelho eutrófico
Mato Rico,00/01,-24.705000000000002,-52.1458,700.0,26.02245283018868,17.299622641509433,21.398443396226416,84.40150943396226,0.2597169811320755,20.254575471698114,6.639716981132075,2000.4245283018868,6.89622641509434,0.7465110849056604,2515.0,Sul,Neossolo Litólico eutrófico
Mato Rico,01/02,-24.705000000000002,-52.1458,700.0,26.399528301886793,16.710943396226416,21.237641509433963,80.83603773584906,0.25056603773584907,21.31754716981132,4.9125000000000005,2001.4245283018868,6.89622641509434,0.7225620283018869,3000.0,Sul,Neossolo Litólico eutrófico
Mato Rico,02/03,-24.705000000000002,-52.1458,700.0,26.223867924528303,17.374575471698112,21.493584905660377,84.15221698113207,0.25636792452830187,20.13433962264151,6.542688679245283,2002.4245283018868,6.89622641509434,0.733582429245283,3500.0,Sul,Neossolo Litólico eutrófico
Mato Rico,03/04,-24.705,-52.14580000000001,700.0,27.00582159624413,16.12042253521127,21.25112676056338,75.72211267605634,0.26666666666666666,22.50981220657277,4.849389671361503,2003.4272300469484,6.873239436619718,0.6412170187793428,3500.0,Sul,Neossolo Litólico eutrófico
Mato Rico,04/05,-24.705000000000002,-52.1458,700.0,27.222688679245284,16.867830188679246,21.780943396226416,77.33481132075471,0.26443396226415095,21.132877358490568,4.3121698113207545,2004.4245283018868,6.89622641509434,0.6949959905660377,4630.0,Sul,Neossolo Litólico eutrófico
Mato Rico,05/06,-24.705000000000002,-52.1458,700.0,26.437122641509433,17.020424528301888,21.465,81.10570754716981,0.26433962264150945,20.313584905660374,5.4925943396226415,2005.4245283018868,6.89622641509434,0.7129480738993711,3400.0,Sul,Neossolo Litólico eutrófico
Mato Rico,06/07,-24.705000000000002,-52.1458,700.0,27.003301886792453,17.589622641509433,21.996179245283017,79.75490566037736,0.2829245283018868,20.184103773584905,5.535047169811321,2006.4245283018868,6.89622641509434,0.7131767688679246,4000.0,Sul,Neossolo Litólico eutrófico
Mato Rico,07/08,-24.705,-52.14580000000001,700.0,28.209671361502348,17.33488262910798,22.391549295774645,73.1819248826291,0.2715962441314554,20.988262910798124,4.041643192488263,2007.4272300469484,6.873239436619718,0.6959068466353678,4200.0,Sul,Neossolo Litólico eutrófico
Mato Rico,08/09,-24.705000000000002,-52.1458,700.0,26.648773584905662,16.719716981132073,21.401603773584906,77.74632075471699,0.2670754716981132,21.47202830188679,4.180377358490566,2008.4245283018868,6.89622641509434,0.7115400943396226,4400.0,Sul,Neossolo Litólico eutrófico
Mato Rico,09/10,-24.705000000000002,-52.1458,700.0,25.917075471698112,18.23816037735849,21.857075471698113,87.33080188679246,0.2629245283018868,19.20306603773585,7.300707547169812,2009.4245283018868,6.89622641509434,0.7417386792452829,5250.0,Sul,Neossolo Litólico eutrófico
Mato Rico,10/11,-24.705000000000002,-52.1458,700.0,25.782500000000002,16.94768867924528,21.064622641509434,82.9245283018868,0.25679245283018864,19.767264150943397,5.565707547169811,2010.4245283018868,6.89622641509434,0.7347432783018869,5250.0,Sul,Neossolo Litólico eutrófico
Mato Rico,11/12,-24.705,-52.14580000000001,700.0,28.02680751173709,16.399201877934274,21.85131455399061,71.74478873239437,0.26892018779342725,22.461596244131453,2.992488262910798,2011.4272300469484,6.873239436619718,0.7109003129890453,5500.0,Sul,Neossolo Litólico eutrófico
Mato Rico,12/13,-24.705000000000002,-52.1458,700.0,27.88570754716981,17.59070754716981,22.374858490566037,76.10377358490567,0.2735377358490566,20.557264150943396,5.611556603773585,2012.4245283018868,6.89622641509434,0.7317158018867924,9000.0,Sul,Neossolo Litólico eutrófico
Mato Rico,13/14,-24.705000000000002,-52.1458,700.0,27.132122641509437,17.03264150943396,21.822311320754718,77.3566037735849,0.2829245283018868,21.345896226415093,3.6073584905660376,2013.4245283018868,6.89622641509434,0.709260927672956,10400.0,Sul,Neossolo Litólico eutrófico
Mato Rico,14/15,-24.705000000000002,-52.1458,700.0,26.81084905660377,17.81367924528302,21.95952830188679,81.19617924528302,0.26872641509433964,20.72952830188679,4.174103773584905,2014.4245283018868,6.89622641509434,0.7499683569182389,10600.0,Sul,Neossolo Litólico eutrófico
Mato Rico,15/16,-24.705,-52.14580000000001,700.0,26.146150234741786,18.355399061032863,22.003521126760564,86.82042253521126,0.251924882629108,18.28694835680751,6.527276995305164,2015.4272300469484,6.873239436619718,0.7839136541471049,9200.0,Sul,Neossolo Litólico eutrófico
Mato Rico,16/17,-24.705000000000002,-52.1458,700.0,26.088584905660376,16.975047169811322,21.23985849056604,82.10292452830188,0.25849056603773585,21.23122641509434,4.6127358490566035,2016.4245283018868,6.89622641509434,0.7646694575471699,9200.0,Sul,Neossolo Litólico eutrófico
Mato Rico,17/18,-24.705000000000002,-52.1458,700.0,26.57547169811321,17.502783018867927,21.787264150943393,81.90764150943396,0.2675,19.85179245283019,6.655283018867925,2017.4245283018868,6.89622641509434,0.7779237421383648,9200.0,Sul,Neossolo Litólico eutrófico
Mato Rico,18/19,-24.705000000000002,-52.1458,700.0,27.514858490566034,18.10452830188679,22.51306603773585,79.42985849056605,0.2725,20.100377358490565,5.253679245283019,2018.4245283018868,6.89622641509434,0.7793420990566038,9500.0,Norte,Neossolo Litólico eutrófico
Mato Rico,19/20,-24.705,-52.14580000000001,700.0,29.63901408450704,17.992206572769955,23.46356807511737,70.09793427230048,0.2747887323943662,21.211455399061034,3.6026291079812207,2019.4272300469484,6.873239436619718,0.7739840375586854,9600.0,Sul,Neossolo Litólico eutrófico
Mato Rico,20/21,-24.705000000000002,-52.1458,700.0,28.84127358490566,17.776132075471697,22.8911320754717,73.22971698113209,0.28250000000000003,20.938396226415094,3.947641509433962,2020.4245283018868,6.89622641509434,0.7465833726415094,10300.0,Sul,Neossolo Litólico eutrófico
Mato Rico,21/22,-24.705000000000002,-52.1458,700.0,29.368160377358492,17.974103773584908,23.292830188679243,70.61797169811321,0.27693396226415096,21.57504716981132,4.182877358490566,2021.4245283018868,6.89622641509434,0.7284579009433962,13000.0,Norte,Neossolo Litólico eutrófico
Mato Rico,22/23,-24.705000000000002,-52.1458,700.0,25.756839622641508,16.624103773584906,20.90259433962264,81.57330188679245,0.26811320754716983,19.905424528301886,5.152688679245283,2022.4245283018868,6.89622641509434,0.7880834905660378,13800.0,Sul,Neossolo Litólico eutrófico
Mato Rico,23/24,-24.705,-52.14580000000001,700.0,28.70492957746479,18.848356807511735,23.44023474178404,78.08849765258215,0.25821596244131456,19.94906103286385,5.045446009389671,2023.4272300469484,6.873239436619718,0.7770385758998435,13900.0,Sul,Neossolo Litólico eutrófico
Mato Rico,24/25,-24.705,-52.1458,700.0,29.196639344262294,17.697868852459017,22.97245901639344,71.24729508196721,0.29163934426229504,19.471639344262293,4.478278688524591,2024.0,10.508196721311476,0.7361241803278687,,,Neossolo Litólico eutrófico
Mato Rico,99/00,-24.705,-52.14580000000001,700.0,27.97175824175824,18.423516483516483,22.87846153846154,79.08164835164835,0.2508791208791209,21.7610989010989,5.518681318681319,2000.0,2.0,0.80904,1500.0,Sul,Neossolo Litólico eutrófico
Moreira Sales,00/01,-24.0619,-53.00690000000001,560.0,28.946745283018867,18.968632075471696,23.782877358490566,79.46773584905661,1.7712264150943395,20.370754716981132,6.004198113207548,2000.4245283018868,6.89622641509434,0.617375,3000.0,Centro-oeste,Argissolo Vermelho distrófico
Moreira Sales,01/02,-24.0619,-53.00690000000001,560.0,30.191273584905662,18.644669811320757,24.131650943396227,73.2831603773585,1.996367924528302,21.54679245283019,4.320141509433962,2001.4245283018868,6.89622641509434,0.6287646226415095,6300.0,Centro-oeste,Argissolo Vermelho distrófico
Moreira Sales,02/03,-24.0619,-53.00690000000001,560.0,29.87509433962264,19.323254716981133,24.26646226415094,77.70985849056605,2.000801886792453,20.32358490566038,5.3472641509433965,2002.4245283018868,6.89622641509434,0.5892925314465409,10250.0,Centro-oeste,Argissolo Vermelho distrófico
Moreira Sales,03/04,-24.061900000000005,-53.0069,560.0,31.10164319248826,18.314976525821596,24.38830985915493,68.62751173708921,2.0208450704225354,22.64370892018779,4.303380281690141,2003.4272300469484,6.873239436619718,0.5584860328638498,14000.0,Centro-oeste,Argissolo Vermelho distrófico
Moreira Sales,04/05,-24.0619,-53.00690000000001,560.0,30.45245283018868,18.692169811320753,24.308679245283017,72.74033018867925,1.919575471698113,21.360660377358492,4.210235849056604,2004.4245283018868,6.89622641509434,0.5488316037735849,15500.0,Centro-oeste,Argissolo Vermelho distrófico
Moreira Sales,05/06,-24.0619,-53.00690000000001,560.0,29.47056603773585,18.755235849056604,23.88570754716981,76.51457547169811,1.880188679245283,20.600849056603774,5.476839622641509,2005.4245283018868,6.89622641509434,0.5875905660377359,15000.0,Centro-oeste,Argissolo Vermelho distrófico
Moreira Sales,06/07,-24.0619,-53.00690000000001,560.0,29.775754716981133,19.574150943396226,24.44070754716981,76.46000000000001,1.8861792452830188,20.199198113207544,5.3925,2006.4245283018868,6.89622641509434,0.6241704009433963,14000.0,Centro-oeste,Argissolo Vermelho distrófico
Moreira Sales,07/08,-24.061900000000005,-53.0069,560.0,31.72474178403756,19.35732394366197,25.202863849765258,67.58366197183098,2.074319248826291,21.112112676056338,3.9115023474178403,2007.4272300469484,6.873239436619718,0.555056103286385,14000.0,Centro-oeste,Argissolo Vermelho distrófico
Moreira Sales,08/09,-24.0619,-53.00690000000001,560.0,30.218726415094338,18.65301886792453,24.162075471698113,72.25344339622642,1.8800000000000001,21.808396226415095,3.885424528301887,2008.4245283018868,6.89622641509434,0.5214852594339623,15300.0,Centro-oeste,Argissolo Vermelho distrófico
Moreira Sales,09/10,-24.0619,-53.00690000000001,560.0,28.95174528301887,19.816226415094338,24.186839622641507,82.74962264150943,1.9794811320754715,19.61169811320755,5.949245283018868,2009.4245283018868,6.89622641509434,0.5349822327044025,12300.0,Centro-oeste,Argissolo Vermelho distrófico
Moreira Sales,10/11,-24.0619,-53.00690000000001,560.0,29.090660377358493,18.646603773584907,23.614528301886793,77.13174528301887,1.9795283018867926,19.934622641509435,5.775377358490567,2010.4245283018868,6.89622641509434,0.6362873820754716,12000.0,Centro-oeste,Argissolo Vermelho distrófico
Moreira Sales,11/12,-24.061900000000005,-53.0069,560.0,31.174600938967135,18.2681220657277,24.475399061032864,67.05037558685446,2.014413145539906,22.70417840375587,3.3928169014084504,2011.4272300469484,6.873239436619718,0.5319716744913928,13000.0,Centro-oeste,Argissolo Vermelho distrófico
Moreira Sales,12/13,-24.0619,-53.00690000000001,560.0,31.795283018867927,19.856698113207546,25.45443396226415,68.75438679245283,2.0766509433962264,21.032688679245286,4.13622641509434,2012.4245283018868,6.89622641509434,0.580498466981132,13116.0,Centro-oeste,Argissolo Vermelho distrófico
Moreira Sales,13/14,-24.0619,-53.00690000000001,560.0,30.249481132075474,18.88254716981132,24.26570754716981,73.65400943396226,2.1311320754716983,21.506886792452832,4.412122641509434,2013.4245283018868,6.89622641509434,0.5501156839622642,13100.0,Centro-oeste,Argissolo Vermelho distrófico
Moreira Sales,14/15,-24.0619,-53.00690000000001,560.0,29.95117924528302,19.759622641509434,24.531037735849058,76.90594339622642,1.9725000000000001,20.91198113207547,4.336179245283018,2014.4245283018868,6.89622641509434,0.5426373820754717,13200.0,Centro-oeste,Argissolo Vermelho distrófico
Moreira Sales,15/16,-24.061900000000005,-53.0069,560.0,29.189953051643194,20.029765258215964,24.30417840375587,82.28417840375586,1.9311737089201877,18.35863849765258,7.362206572769954,2015.4272300469484,6.873239436619718,0.6409614632237871,13500.0,Centro-oeste,Argissolo Vermelho distrófico
Moreira Sales,16/17,-24.0619,-53.00690000000001,560.0,28.65103773584906,18.35834905660377,23.32146226415094,79.04943396226415,1.8885849056603774,21.54995283018868,4.9364150943396226,2016.4245283018868,6.89622641509434,0.5743451650943396,13000.0,Centro-oeste,Argissolo Vermelho distrófico
Moreira Sales,17/18,-24.0619,-53.00690000000001,560.0,29.684905660377357,19.236603773584903,24.185943396226417,77.45278301886793,1.985188679245283,20.12198113207547,6.352452830188679,2017.4245283018868,6.89622641509434,0.6071048349056604,12200.0,Centro-oeste,Argissolo Vermelho distrófico
Moreira Sales,18/19,-24.0619,-53.00690000000001,560.0,29.99872641509434,19.702688679245284,24.64183962264151,76.94438679245283,1.8775943396226416,20.210754716981132,5.512735849056604,2018.4245283018868,6.89622641509434,0.6059557389937107,13000.0,Centro-oeste,Argissolo Vermelho distrófico
Moreira Sales,19/20,-24.061900000000005,-53.0069,560.0,32.64544600938967,20.126713615023473,26.02042253521127,66.43272300469484,2.0188732394366196,21.4881220657277,3.9186854460093894,2019.4272300469484,6.873239436619718,0.5887092723004695,13100.0,Centro-oeste,Argissolo Vermelho distrófico
Moreira Sales,20/21,-24.0619,-53.00690000000001,560.0,31.498443396226417,19.64235849056604,25.25306603773585,70.25825471698113,1.8766981132075473,21.035896226415094,4.783254716981132,2020.4245283018868,6.89622641509434,0.543405070754717,13100.0,Centro-oeste,Argissolo Vermelho distrófico
Moreira Sales,21/22,-24.0619,-53.00690000000001,560.0,32.86735849056604,20.102311320754715,26.19070754716981,64.16966981132074,2.035141509433962,21.992311320754716,4.545330188679245,2021.4245283018868,6.89622641509434,0.45978176100628937,14000.0,Centro-oeste,Argissolo Vermelho distrófico
Moreira Sales,22/23,-24.0619,-53.00690000000001,560.0,28.45933962264151,18.163254716981132,23.09481132075472,78.72863207547171,1.9058490566037736,20.407500000000002,6.027311320754717,2022.4245283018868,6.89622641509434,0.6063469339622641,14000.0,Centro-oeste,Argissolo Vermelho distrófico
Moreira Sales,23/24,-24.061900000000005,-53.0069,560.0,32.763849765258215,20.968028169014083,26.544413145539906,69.98164319248826,2.061737089201878,20.19093896713615,4.65225352112676,2023.4272300469484,6.873239436619718,0.5525671752738655,14000.0,Centro-oeste,Argissolo Vermelho distrófico
Moreira Sales,24/25,-24.0619,-53.0069,560.0,32.29819672131148,19.63827868852459,25.55688524590164,66.28655737704918,2.2351639344262293,19.70245901639344,5.2926229508196725,2024.0,10.508196721311476,0.5709571721311475,,,Argissolo Vermelho distrófico
Moreira Sales,99/00,-24.0619,-53.0069,560.0,31.11142857142857,20.61274725274725,25.596153846153847,74.37912087912088,1.7096703296703297,22.288241758241757,5.47956043956044,2000.0,2.0,0.7702433333333333,2200.0,Centro-oeste,Argissolo Vermelho distrófico
Nova Esperança do Sudoeste,00/01,-25.9069,-53.2628,650.0,26.95198113207547,16.64018867924528,21.464198113207548,83.3657075471698,0.09358490566037736,20.15985849056604,6.8711320754716985,2000.4245283018868,6.89622641509434,0.7149676886792453,350.0,Sudoeste,Cambissolo Háplico eutrófico
Nova Esperança do Sudoeste,01/02,-25.9069,-53.2628,650.0,27.063537735849057,15.946698113207546,21.143396226415092,80.9747641509434,0.08617924528301886,21.133820754716982,5.0074056603773585,2001.4245283018868,6.89622641509434,0.752535141509434,1000.0,Sudoeste,Cambissolo Háplico eutrófico
Nova Esperança do Sudoeste,02/03,-25.9069,-53.2628,650.0,26.50193396226415,16.623207547169812,21.24731132075472,84.99127358490567,0.07731132075471699,19.67990566037736,7.565424528301886,2002.4245283018868,6.89622641509434,0.7730873820754717,1000.0,Sudoeste,Cambissolo Háplico eutrófico
Nova Esperança do Sudoeste,03/04,-25.9069,-53.2628,650.0,27.27962441314554,15.085821596244132,20.821220657276996,77.93619718309859,0.08835680751173709,22.41638497652582,5.707746478873239,2003.4272300469484,6.873239436619718,0.7163535993740219,2000.0,Sudoeste,Cambissolo Háplico eutrófico
Nova Esperança do Sudoeste,04/05,-25.9069,-53.2628,650.0,28.009056603773587,15.962547169811321,21.5625,78.03212264150945,0.09037735849056604,21.41193396226415,4.610518867924528,2004.4245283018868,6.89622641509434,0.7121792452830189,2300.0,Sudoeste,Cambissolo Háplico eutrófico
Nova Esperança do Sudoeste,05/06,-25.9069,-53.2628,650.0,27.277830188679243,16.007264150943396,21.27183962264151,79.5668396226415,0.08325471698113207,20.625235849056605,4.96561320754717,2005.4245283018868,6.89622641509434,0.7138398191823898,1550.0,Sudoeste,Cambissolo Háplico eutrófico
Nova Esperança do Sudoeste,06/07,-25.9069,-53.2628,650.0,29.134999999999998,17.148396226415095,22.657783018867924,75.53349056603774,0.08877358490566038,20.624056603773585,4.677830188679246,2006.4245283018868,6.89622641509434,0.7290020440251572,1450.0,Sudoeste,Cambissolo Háplico eutrófico
Nova Esperança do Sudoeste,07/08,-25.9069,-53.2628,650.0,29.14507042253521,16.33638497652582,22.19568075117371,74.18774647887324,0.07267605633802818,20.933661971830986,3.583286384976526,2007.4272300469484,6.873239436619718,0.7285908059467918,1400.0,Sudoeste,Cambissolo Háplico eutrófico
Nova Esperança do Sudoeste,08/09,-25.9069,-53.2628,650.0,27.825,15.826698113207549,21.36570754716981,77.0902358490566,0.07754716981132076,21.554103773584906,4.1324056603773585,2008.4245283018868,6.89622641509434,0.7119498820754716,1500.0,Sudoeste,Cambissolo Háplico eutrófico
Nova Esperança do Sudoeste,09/10,-25.9069,-53.2628,650.0,27.03179245283019,17.576509433962265,21.971650943396224,85.07674528301887,0.07372641509433962,19.33929245283019,7.079339622641509,2009.4245283018868,6.89622641509434,0.7587381289308176,2300.0,Sudoeste,Cambissolo Háplico eutrófico
Nova Esperança do Sudoeste,10/11,-25.9069,-53.2628,650.0,26.7488679245283,16.056367924528303,21.054481132075473,81.76896226415094,0.0799056603773585,20.022311320754714,6.658584905660378,2010.4245283018868,6.89622641509434,0.7333537342767296,2100.0,Sudoeste,Cambissolo Háplico eutrófico
Nova Esperança do Sudoeste,11/12,-25.9069,-53.2628,650.0,28.01676056338028,15.373849765258216,21.266619718309858,74.73929577464789,0.08535211267605633,22.59530516431925,3.863474178403756,2011.4272300469484,6.873239436619718,0.7077610719874804,2000.0,Sudoeste,Cambissolo Háplico eutrófico
Nova Esperança do Sudoeste,12/13,-25.9069,-53.2628,650.0,29.21632075471698,16.850330188679244,22.551462264150942,73.84915094339622,0.08334905660377359,20.546462264150946,4.009716981132075,2012.4245283018868,6.89622641509434,0.7312666273584906,2050.0,Sudoeste,Cambissolo Háplico eutrófico
Nova Esperança do Sudoeste,13/14,-25.9069,-53.2628,650.0,28.01132075471698,16.43047169811321,21.81122641509434,77.94155660377359,0.07514150943396226,21.06495283018868,4.454245283018868,2013.4245283018868,6.89622641509434,0.7189092374213837,2150.0,Sudoeste,Cambissolo Háplico eutrófico
Nova Esperança do Sudoeste,14/15,-25.9069,-53.2628,650.0,28.297311320754716,17.3988679245283,22.460330188679247,79.28141509433962,0.08490566037735849,20.402358490566037,3.9193396226415094,2014.4245283018868,6.89622641509434,0.7389286163522012,2420.0,Sudoeste,Cambissolo Háplico eutrófico
Nova Esperança do Sudoeste,15/16,-25.9069,-53.2628,650.0,27.398215962441313,17.76507042253521,22.152065727699533,83.62225352112677,0.07605633802816901,17.907276995305164,6.438967136150235,2015.4272300469484,6.873239436619718,0.7411104460093897,2550.0,Sudoeste,Cambissolo Háplico eutrófico
Nova Esperança do Sudoeste,16/17,-25.9069,-53.2628,650.0,26.68509433962264,15.97429245283019,21.006462264150944,81.81037735849057,0.08863207547169812,21.163679245283017,5.363867924528303,2016.4245283018868,6.89622641509434,0.7215766509433962,2300.0,Sudoeste,Cambissolo Háplico eutrófico
Nova Esperança do Sudoeste,17/18,-25.9069,-53.2628,650.0,27.39353773584906,16.637830188679246,21.723066037735848,81.28551886792452,0.08764150943396228,20.05377358490566,7.407735849056604,2017.4245283018868,6.89622641509434,0.737082036163522,1500.0,Sudoeste,Cambissolo Háplico eutrófico
Nova Esperança do Sudoeste,18/19,-25.9069,-53.2628,650.0,27.585990566037733,17.072830188679244,21.99174528301887,81.3620754716981,0.09056603773584905,19.986084905660377,5.500896226415095,2018.4245283018868,6.89622641509434,0.7573235849056604,1700.0,Sudoeste,Cambissolo Háplico eutrófico
Nova Esperança do Sudoeste,19/20,-25.9069,-53.2628,650.0,30.10070422535211,16.997042253521126,23.034178403755867,71.50558685446009,0.0907981220657277,21.198450704225355,3.737793427230047,2019.4272300469484,6.873239436619718,0.720416627543036,1800.0,Sudoeste,Cambissolo Háplico eutrófico
Nova Esperança do Sudoeste,20/21,-25.9069,-53.2628,650.0,29.86830188679245,16.967594339622643,22.822783018867927,72.63183962264151,0.1029245283018868,20.98188679245283,3.4222169811320753,2020.4245283018868,6.89622641509434,0.7040087264150944,1950.0,Sudoeste,Cambissolo Háplico eutrófico
Nova Esperança do Sudoeste,21/22,-25.9069,-53.2628,650.0,30.218537735849058,16.959622641509434,23.147924528301886,70.4456603773585,0.08669811320754717,21.924292452830187,4.513113207547169,2021.4245283018868,6.89622641509434,0.7099129323899371,2450.0,Sudoeste,Cambissolo Háplico eutrófico
Nova Esperança do Sudoeste,22/23,-25.9069,-53.2628,650.0,26.653443396226415,15.628820754716982,20.82429245283019,80.24099056603774,0.10056603773584906,20.757311320754717,5.499009433962264,2022.4245283018868,6.89622641509434,0.7186771619496855,2900.0,Sudoeste,Cambissolo Háplico eutrófico
Nova Esperança do Sudoeste,23/24,-25.9069,-53.2628,650.0,28.651079812206575,18.223427230046948,23.039154929577464,81.97098591549296,0.07178403755868545,19.77755868544601,6.859342723004695,2023.4272300469484,6.873239436619718,0.7276828247261345,2900.0,Sudoeste,Cambissolo Háplico eutrófico
Nova Esperança do Sudoeste,24/25,-25.9069,-53.2628,650.0,28.137131147540984,16.221311475409838,21.815327868852457,77.83639344262295,0.08852459016393444,19.59934426229508,4.899098360655737,2024.0,10.508196721311476,0.7483795081967213,,,Cambissolo Háplico eutrófico
Nova Esperança do Sudoeste,99/00,-25.9069,-53.2628,650.0,28.817032967032965,18.091868131868132,23.01901098901099,79.49681318681318,0.09659340659340661,22.066153846153846,5.49901098901099,2000.0,2.0,0.7766941666666667,150.0,Sudoeste,Cambissolo Háplico eutrófico
Pinhal de São Bento,00/01,-26.0345,-53.4854,550.0,26.997688679245282,17.750943396226415,22.175943396226415,83.1286320754717,0.18712264150943397,20.09745283018868,6.553962264150944,2000.4245283018868,6.89622641509434,0.7276945754716981,300.0,Sudoeste,Cambissolo Háplico eutrófico
Pinhal de São Bento,01/02,-26.0345,-53.4854,550.0,27.775660377358488,17.368867924528303,22.361792452830187,77.58811320754717,0.1790566037735849,21.002877358490565,4.740377358490567,2001.4245283018868,6.89622641509434,0.7088823113207547,400.0,Sudoeste,Cambissolo Háplico eutrófico
Pinhal de São Bento,02/03,-26.0345,-53.4854,550.0,26.329056603773587,17.808443396226416,21.927877358490566,85.63080188679245,0.18509433962264152,19.297641509433962,7.486650943396227,2002.4245283018868,6.89622641509434,0.7493593553459119,600.0,Sudoeste,Cambissolo Háplico eutrófico
Pinhal de São Bento,03/04,-26.0345,-53.4854,550.0,28.160610328638498,16.70586854460094,22.20169014084507,73.65004694835682,0.18788732394366198,22.026948356807512,5.614741784037559,2003.4272300469484,6.873239436619718,0.6814466353677622,800.0,Sudoeste,Cambissolo Háplico eutrófico
Pinhal de São Bento,04/05,-26.0345,-53.4854,550.0,28.84759433962264,17.50632075471698,22.9527358490566,73.29886792452831,0.18537735849056602,21.40806603773585,4.172688679245283,2004.4245283018868,6.89622641509434,0.6863753537735848,1160.0,Sudoeste,Cambissolo Háplico eutrófico
Pinhal de São Bento,05/06,-26.0345,-53.4854,550.0,27.798915094339623,17.324056603773585,22.32952830188679,76.35962264150943,0.18080188679245282,20.53438679245283,4.764056603773585,2005.4245283018868,6.89622641509434,0.7226126572327044,800.0,Sudoeste,Cambissolo Háplico eutrófico
Pinhal de São Bento,06/07,-26.0345,-53.4854,550.0,29.139009433962265,18.41561320754717,23.506650943396227,74.52735849056603,0.18910377358490568,20.668301886792456,4.973584905660378,2006.4245283018868,6.89622641509434,0.7534751572327043,800.0,Sudoeste,Cambissolo Háplico eutrófico
Pinhal de São Bento,07/08,-26.0345,-53.4854,550.0,29.948732394366196,17.89455399061033,23.55380281690141,69.44206572769953,0.18089201877934272,20.747840375586854,3.5803755868544602,2007.4272300469484,6.873239436619718,0.6909866588419405,600.0,Sudoeste,Cambissolo Háplico eutrófico
Pinhal de São Bento,08/09,-26.0345,-53.4854,550.0,28.93797169811321,17.360613207547168,22.820518867924527,71.84698113207547,0.18547169811320754,21.111037735849056,3.8324056603773586,2008.4245283018868,6.89622641509434,0.7243655660377359,660.0,Sudoeste,Cambissolo Háplico eutrófico
Pinhal de São Bento,09/10,-26.0345,-53.4854,550.0,26.741179245283018,18.616981132075473,22.516556603773587,86.23490566037735,0.18754716981132075,19.03938679245283,7.374669811320755,2009.4245283018868,6.89622641509434,0.7450148191823899,900.0,Sudoeste,Cambissolo Háplico eutrófico
Pinhal de São Bento,10/11,-26.0345,-53.4854,550.0,26.91004716981132,17.25070754716981,21.87259433962264,80.50514150943397,0.1894811320754717,19.727028301886794,6.451698113207547,2010.4245283018868,6.89622641509434,0.7388433962264151,900.0,Sudoeste,Cambissolo Háplico eutrófico
Pinhal de São Bento,11/12,-26.0345,-53.4854,550.0,28.945258215962443,17.022394366197183,22.693802816901407,69.77455399061033,0.17929577464788732,22.55244131455399,3.813145539906103,2011.4272300469484,6.873239436619718,0.6695503129890453,800.0,Sudoeste,Cambissolo Háplico eutrófico
Pinhal de São Bento,12/13,-26.0345,-53.4854,550.0,29.65132075471698,18.263584905660377,23.639150943396228,70.93622641509434,0.19122641509433963,20.294009433962263,4.141650943396226,2012.4245283018868,6.89622641509434,0.7169318396226415,900.0,Sudoeste,Cambissolo Háplico eutrófico
Pinhal de São Bento,13/14,-26.0345,-53.4854,550.0,28.590660377358493,17.912499999999998,22.964858490566037,74.59669811320755,0.19099056603773587,21.02240566037736,4.612122641509434,2013.4245283018868,6.89622641509434,0.7235478773584907,1300.0,Sudoeste,Cambissolo Háplico eutrófico
Pinhal de São Bento,14/15,-26.0345,-53.4854,550.0,28.18877358490566,18.674009433962265,23.221650943396224,79.04896226415094,0.18396226415094338,20.173160377358492,4.625188679245283,2014.4245283018868,6.89622641509434,0.7216740172955974,1200.0,Sudoeste,Cambissolo Háplico eutrófico
Pinhal de São Bento,15/16,-26.0345,-53.4854,550.0,27.36319248826291,18.893051643192486,22.886854460093893,83.22399061032863,0.18718309859154927,17.674084507042252,6.607840375586854,2015.4272300469484,6.873239436619718,0.7511391627543036,1900.0,Sudoeste,Cambissolo Háplico eutrófico
Pinhal de São Bento,16/17,-26.0345,-53.4854,550.0,27.46816037735849,17.32938679245283,22.154245283018867,78.38000000000001,0.18816037735849056,21.154009433962262,5.05622641509434,2016.4245283018868,6.89622641509434,0.7126166273584905,1800.0,Sudoeste,Cambissolo Háplico eutrófico
Pinhal de São Bento,17/18,-26.0345,-53.4854,550.0,27.641037735849054,17.91193396226415,22.6025,79.91490566037736,0.194811320754717,20.082264150943395,7.663867924528302,2017.4245283018868,6.89622641509434,0.7299650943396226,1800.0,Sudoeste,Cambissolo Háplico eutrófico
Pinhal de São Bento,18/19,-26.0345,-53.4854,550.0,27.9861320754717,18.26561320754717,22.904528301886792,79.40551886792453,0.1957547169811321,19.842075471698116,5.542169811320755,2018.4245283018868,6.89622641509434,0.7329857704402516,1800.0,Sudoeste,Cambissolo Háplico eutrófico
Pinhal de São Bento,19/20,-26.0345,-53.4854,550.0,30.829812206572768,18.531549295774646,24.312253521126763,67.35976525821596,0.19492957746478876,21.33516431924883,3.8053990610328636,2019.4272300469484,6.873239436619718,0.7325142018779343,1900.0,Sudoeste,Cambissolo Háplico eutrófico
Pinhal de São Bento,20/21,-26.0345,-53.4854,550.0,30.476603773584905,18.320141509433963,23.96735849056604,68.84221698113207,0.20617924528301887,20.90679245283019,3.56122641509434,2020.4245283018868,6.89622641509434,0.7233900943396226,2100.0,Sudoeste,Cambissolo Háplico eutrófico
Pinhal de São Bento,21/22,-26.0345,-53.4854,550.0,30.709575471698116,18.47132075471698,24.29801886792453,66.85778301886792,0.20004716981132079,21.78292452830189,4.571650943396227,2021.4245283018868,6.89622641509434,0.7114064858490566,2320.0,Sudoeste,Cambissolo Háplico eutrófico
Pinhal de São Bento,22/23,-26.0345,-53.4854,550.0,26.773254716981132,16.775896226415092,21.64179245283019,79.14306603773586,0.19429245283018867,21.2,5.453584905660378,2022.4245283018868,6.89622641509434,0.719818003144654,2450.0,Sudoeste,Cambissolo Háplico eutrófico
Pinhal de São Bento,23/24,-26.0345,-53.4854,550.0,28.720938967136153,19.47319248826291,23.870610328638495,80.84830985915492,0.18056338028169014,19.298403755868545,6.727042253521127,2023.4272300469484,6.873239436619718,0.7018347417840376,2450.0,Sudoeste,Cambissolo Háplico eutrófico
Pinhal de São Bento,24/25,-26.0345,-53.4854,550.0,28.750819672131147,17.681803278688523,22.934754098360656,74.14967213114754,0.19081967213114756,19.493524590163936,4.390409836065574,2024.0,10.508196721311476,0.6968334016393442,,,Cambissolo Háplico eutrófico
Pinhal de São Bento,99/00,-26.0345,-53.4854,550.0,29.811868131868135,19.484945054945054,24.366043956043956,75.31835164835165,0.17593406593406596,21.591978021978022,5.371978021978022,2000.0,2.0,0.7827875,300.0,Sudoeste,Cambissolo Háplico eutrófico
Wenceslau Braz,00/01,-23.8739,-49.80279999999999,841.0,28.2363679245283,17.286603773584908,22.23193396226415,77.7857075471698,0.09433962264150944,20.663962264150946,5.353962264150943,2000.4245283018868,6.89622641509434,0.5988153301886793,410.0,Norte,Argissolo Vermelho-Amarelo distrófico
Wenceslau Braz,01/02,-23.8739,-49.80279999999999,841.0,28.145943396226414,16.63009433962264,21.881415094339623,75.68924528301888,0.08981132075471698,20.991981132075473,4.73316037735849,2001.4245283018868,6.89622641509434,0.5782139150943396,757.0,Norte,Argissolo Vermelho-Amarelo distrófico
Wenceslau Braz,02/03,-23.8739,-49.80279999999999,841.0,28.682169811320755,17.38731132075472,22.517405660377356,76.03712264150944,0.09811320754716982,20.242830188679246,5.2040566037735845,2002.4245283018868,6.89622641509434,0.6139739779874214,780.0,Norte,Argissolo Vermelho-Amarelo distrófico
Wenceslau Braz,03/04,-23.8739,-49.8028,841.0,28.242159624413144,15.945258215962442,21.56507042253521,73.03413145539906,0.09793427230046949,20.868920187793428,4.420985915492958,2003.4272300469484,6.873239436619718,0.587393427230047,2000.0,Norte,Argissolo Vermelho-Amarelo distrófico
Wenceslau Braz,04/05,-23.8739,-49.80279999999999,841.0,28.867735849056604,16.599150943396225,22.276839622641507,72.03377358490566,0.10561320754716981,20.37617924528302,3.8443396226415096,2004.4245283018868,6.89622641509434,0.5328253537735849,3043.0,Norte,Argissolo Vermelho-Amarelo distrófico
Wenceslau Braz,05/06,-23.8739,-49.80279999999999,841.0,27.905896226415095,16.720566037735846,21.834669811320754,77.52646226415095,0.09103773584905661,19.50627358490566,4.918254716981132,2005.4245283018868,6.89622641509434,0.6053164701257862,2821.0,Norte,Argissolo Vermelho-Amarelo distrófico
Wenceslau Braz,06/07,-23.8739,-49.80279999999999,841.0,28.297877358490563,17.034669811320754,22.201509433962265,76.12051886792453,0.09966981132075471,20.431037735849056,5.142358490566038,2006.4245283018868,6.89622641509434,0.592622641509434,4000.0,Norte,Argissolo Vermelho-Amarelo distrófico
Wenceslau Braz,07/08,-23.8739,-49.8028,841.0,28.857276995305167,16.830798122065726,22.309953051643195,72.98516431924882,0.09680751173708921,20.285399061032862,4.212206572769953,2007.4272300469484,6.873239436619718,0.5412130672926447,5000.0,Norte,Argissolo Vermelho-Amarelo distrófico
Wenceslau Braz,08/09,-23.8739,-49.80279999999999,841.0,28.123396226415093,16.35995283018868,21.71457547169811,74.63655660377358,0.09716981132075472,20.408301886792454,4.314009433962265,2008.4245283018868,6.89622641509434,0.5340839622641509,5500.0,Norte,Argissolo Vermelho-Amarelo distrófico
Wenceslau Braz,09/10,-23.8739,-49.80279999999999,841.0,27.168915094339624,17.892971698113207,22.140047169811318,83.4138679245283,0.0985377358490566,18.93985849056604,7.36004716981132,2009.4245283018868,6.89622641509434,0.5435238207547171,8500.0,Norte,Argissolo Vermelho-Amarelo distrófico
Wenceslau Braz,10/11,-23.8739,-49.80279999999999,841.0,27.269716981132078,16.557169811320755,21.40264150943396,79.23957547169812,0.09103773584905661,19.674292452830187,4.749056603773584,2010.4245283018868,6.89622641509434,0.5270420990566038,9000.0,Norte,Argissolo Vermelho-Amarelo distrófico
Wenceslau Braz,11/12,-23.8739,-49.8028,841.0,28.785962441314553,15.95300469483568,21.857605633802816,70.71610328638498,0.09356807511737089,22.06830985915493,3.7410798122065727,2011.4272300469484,6.873239436619718,0.5004185446009389,9000.0,Norte,Argissolo Vermelho-Amarelo distrófico
Wenceslau Braz,12/13,-23.8739,-49.80279999999999,841.0,29.152924528301888,17.184056603773584,22.59896226415094,73.06490566037736,0.10231132075471698,20.1127358490566,4.318207547169812,2012.4245283018868,6.89622641509434,0.48974599056603774,11000.0,Norte,Argissolo Vermelho-Amarelo distrófico
Wenceslau Braz,13/14,-23.8739,-49.80279999999999,841.0,28.395707547169813,16.76372641509434,22.152358490566037,74.08915094339622,0.10745283018867925,20.93825471698113,4.207971698113208,2013.4245283018868,6.89622641509434,0.49862936320754714,14500.0,Norte,Argissolo Vermelho-Amarelo distrófico
Wenceslau Braz,14/15,-23.8739,-49.80279999999999,841.0,28.53311320754717,17.35452830188679,22.386650943396226,75.68415094339623,0.10349056603773585,20.782971698113208,4.632075471698113,2014.4245283018868,6.89622641509434,0.4914485062893082,14500.0,Norte,Argissolo Vermelho-Amarelo distrófico
Wenceslau Braz,15/16,-23.8739,-49.8028,841.0,27.573474178403753,17.976103286384976,22.32549295774648,82.42901408450705,0.10032863849765258,18.501737089201878,7.200422535211268,2015.4272300469484,6.873239436619718,0.5049881064162755,15000.0,Norte,Argissolo Vermelho-Amarelo distrófico
Wenceslau Braz,16/17,-23.8739,-49.80279999999999,841.0,27.735896226415097,16.817264150943398,21.78933962264151,77.75367924528301,0.0969811320754717,20.609009433962264,3.8399528301886794,2016.4245283018868,6.89622641509434,0.566128537735849,15500.0,Norte,Argissolo Vermelho-Amarelo distrófico
Wenceslau Braz,17/18,-23.8739,-49.80279999999999,841.0,27.947122641509434,17.107877358490565,22.056603773584907,77.82509433962264,0.10231132075471698,20.01679245283019,6.060518867924528,2017.4245283018868,6.89622641509434,0.5346042452830189,18700.0,Norte,Argissolo Vermelho-Amarelo distrófico
Wenceslau Braz,18/19,-23.8739,-49.80279999999999,841.0,28.866886792452828,17.569764150943396,22.741650943396223,75.56146226415095,0.10084905660377358,20.7813679245283,4.630094339622642,2018.4245283018868,6.89622641509434,0.5437778694968554,18700.0,Norte,Argissolo Vermelho-Amarelo distrófico
Wenceslau Braz,19/20,-23.8739,-49.8028,841.0,30.46380281690141,17.26769953051643,23.280610328638495,69.19985915492957,0.09568075117370892,20.83525821596244,3.8286854460093895,2019.4272300469484,6.873239436619718,0.534971048513302,18200.0,Norte,Argissolo Vermelho-Amarelo distrófico
Wenceslau Braz,20/21,-23.8739,-49.80279999999999,841.0,30.460518867924527,17.428962264150943,23.348160377358493,69.04599056603773,0.11075471698113208,21.299575471698112,3.0296698113207547,2020.4245283018868,6.89622641509434,0.5756804245283019,18700.0,Norte,Argissolo Vermelho-Amarelo distrófico
Wenceslau Braz,21/22,-23.8739,-49.80279999999999,841.0,30.014764150943396,17.13320754716981,22.97801886792453,70.22990566037736,0.10132075471698114,21.34896226415094,4.003066037735849,2021.4245283018868,6.89622641509434,0.5683115566037736,18700.0,Norte,Argissolo Vermelho-Amarelo distrófico
Wenceslau Braz,22/23,-23.8739,-49.80279999999999,841.0,27.239150943396226,16.30311320754717,21.287830188679248,77.50712264150943,0.09726415094339623,19.564716981132076,4.570990566037736,2022.4245283018868,6.89622641509434,0.5308615959119497,16500.0,Norte,Argissolo Vermelho-Amarelo distrófico
Wenceslau Braz,23/24,-23.8739,-49.8028,841.0,31.198920187793426,18.46338028169014,24.32361502347418,69.63948356807511,0.1052112676056338,20.93037558685446,3.6161971830985915,2023.4272300469484,6.873239436619718,0.48995907668231614,16200.0,Norte,Argissolo Vermelho-Amarelo distrófico
Wenceslau Braz,24/25,-23.8739,-49.8028,841.0,30.763360655737706,17.155819672131148,23.36704918032787,66.29852459016394,0.13131147540983606,19.348114754098358,3.6973770491803277,2024.0,10.508196721311476,0.4768739754098361,,,Argissolo Vermelho-Amarelo distrófico
Wenceslau Braz,99/00,-23.8739,-49.8028,841.0,28.67076923076923,17.841648351648352,22.69,78.42494505494506,0.06846153846153846,19.73956043956044,6.359120879120878,2000.0,2.0,0.6576708333333333,,,Argissolo Vermelho-Amarelo distrófico
